gene_name	E10.5_Brain	E12.5_Brain	E14.5_Brain	E16.5_Brain	P0_Brain	P21_Brain	8W_Brain
Gnai3	183.4181475	167.6574445	96.48130691	105.3146125	80.73906873	22.31801574	33.27068984
Cdc45	62.39223871	35.86255496	6.608308693	9.272984749	2.436092591	0.999314137	2.446374253
H19	818.6162404	341.590836	308.9384314	477.8898926	202.1956851	2.6648377	0.489274851
Scml2	2.255141158	2.689691622	5.286646954	2.649424214	3.8281455	0.333104712	0.489274851
Apoh	0	0.224140969	0.330415435	1.98706816	5.220198409	1.998628275	0.978549701
Narf	58.13252763	100.6392949	96.81172235	103.6587224	67.51456609	62.62368594	44.52401141
Cav2	5.763138515	8.741497773	9.582047604	16.22772331	21.22880686	44.63603147	60.18080663
Klf6	28.3145501	29.58660785	44.27566824	57.95615468	38.62946823	23.9835393	40.12053775
Scmh1	14.53313191	23.5348017	46.25816085	35.43604886	37.58542855	17.65454976	29.84576589
Cox5a	358.5674441	385.7466068	505.8660304	511.3388733	640.3443382	744.8221371	459.4290847
Tbx2	3.257426117	0.672422906	4.625816085	2.649424214	1.740066136	0	0.489274851
Tbx4	0	0	0	0.331178027	0	0	0
Zfy2	0	0	0	0	0	0	0
Ngfr	10.52399207	13.67259908	40.97151389	24.50717398	16.35662168	0.999314137	0.489274851
Wnt3	1.503427439	4.034537434	4.29540065	6.623560535	6.612251318	3.99725655	1.957099403
Wnt9a	6.013709755	7.172510993	2.973738912	5.961204481	3.480132273	17.32144505	18.59244432
Fer	13.02970447	12.55189424	12.55578652	10.59769686	7.308277773	6.328989537	7.82839761
Xpo6	36.08225853	50.20757695	61.12685541	52.32612822	34.10529627	27.31458642	36.6956138
Tfe3	15.53541687	23.31066073	23.45949586	16.89007936	19.1407275	18.98696861	26.91011679
Axin2	30.56969125	42.36264305	35.68486694	18.87714752	14.61655555	7.661408387	11.74259642
Brat1	9.271135872	14.56916295	14.53827912	14.9030112	14.96456877	14.98971206	16.14607007
Gna12	55.62681523	94.58748872	100.1158767	97.03516183	87.35132005	78.61271214	90.51584737
Slc22a18	0	0	0.330415435	0.662356053	1.392052909	0.666209425	0.489274851
Itgb2l	0	0	0.660830869	0	0	0	0
Igsf5	0	0.224140969	0	0	0	0.333104712	1.467824552
Pih1d2	3.257426117	4.258678402	4.625816085	3.311780267	1.392052909	1.998628275	0.978549701
Dlat	27.0616939	26.00035235	35.02403607	46.36492374	54.98608991	84.60859697	67.51992939
Sdhd	192.4387122	138.7432595	125.8882806	124.5229381	145.1215158	150.8964347	130.1471103
Ccnd2	331.0046078	410.4021134	112.3412478	139.7571273	36.88940209	22.98422516	45.50256111
Gpr107	22.55141158	26.89691622	34.3632052	33.4489807	29.92913755	25.64906286	22.01736828
Btbd17	30.82026249	34.51770915	22.46824955	27.15659819	32.71324336	49.96570687	33.75996469
Slfn4	0	0	0	0	0	0	0
Th	3.257426117	6.724229056	14.53827912	6.623560535	13.57251586	3.331047125	1.467824552
Ins2	0	0.224140969	0.330415435	0	1.044039682	0.333104712	0
Scnn1g	0	0	0.991246304	0	0	0.333104712	0
Drp2	2.505712398	8.965638741	21.80741869	16.89007936	13.22450264	7.661408387	31.31359044
Tspan32	3.006854877	0.224140969	0.991246304	0	0.348013227	0.666209425	0
Lhx2	93.96421492	303.7110124	89.21216735	123.1982259	64.38244705	62.62368594	78.2839761
Gmpr	17.79055802	15.6898678	27.75489651	16.89007936	30.97317723	80.61134042	59.69153178
Mid2	5.512567275	4.931101308	22.13783412	11.26005291	12.52847618	14.65660735	17.61389462
Trim25	4.510282316	2.241409685	6.608308693	4.967670401	2.088079364	0.999314137	1.957099403
Dgke	4.510282316	7.172510993	17.51201804	18.5459695	14.61655555	19.65317804	29.35649104
Scpep1	36.33282977	23.31066073	26.10281934	27.48777622	22.27284655	13.65729321	22.99591798
Mnt	11.77684827	23.5348017	37.33694411	24.17599595	14.96456877	12.32487436	30.82431559
Itgb2	0.50114248	0.896563874	0.660830869	0	0.696026455	2.331732987	4.892748506
Hddc2	63.89566614	44.82819371	39.98026759	35.10487083	51.50595764	25.31595815	18.59244432
Tpd52l1	20.7974129	7.844933899	16.52077173	22.18892779	22.968873	45.63534561	22.50664313
Pemt	26.30998018	10.08634358	13.87744825	15.89654528	13.92052909	15.65592149	15.16752037
Cdh1	7.015994714	2.017268717	4.625816085	3.974136321	2.436092591	0.666209425	0.978549701
Cdh4	10.52399207	24.2072246	53.52730041	52.65730625	41.06556082	7.328303674	8.317672461
Ckmt1	1.503427439	8.517356804	57.49228563	84.78157484	128.4168809	390.398723	265.6762439
Bcl6b	2.255141158	2.465550654	3.304154346	7.285916588	4.872185182	0.999314137	0.489274851
Clec10a	0	0.672422906	0.991246304	0.662356053	1.044039682	2.997942412	0.489274851
Alox12	1.252856199	0.448281937	0.330415435	0.99353408	0.348013227	0	0
Comt	40.09139837	27.56933913	43.61483737	39.74136321	52.89801055	72.94993203	63.60573058
Rtca	96.21935608	84.27700417	83.59510496	85.11275287	88.74337296	79.27892157	77.79470125
Dbt	13.28027571	8.069074867	14.53827912	16.55890134	12.87648941	9.326931949	19.57099403
Dazap2	151.8461713	149.726167	114.3237404	97.03516183	122.8486692	147.2322829	180.5424199
Mcts1	44.60168068	78.44933899	78.63887344	84.11921879	98.13973009	71.95061789	61.64863118
Rem1	0.25057124	0	0.330415435	0.662356053	0.348013227	0.666209425	0
Rnf17	0	0.448281937	0.330415435	0	0.348013227	0	0
Trappc10	10.27342083	13.22431714	29.40697368	18.21479147	18.44470105	26.31527228	28.37794134
Ccm2	49.36253424	56.70766504	51.5448078	61.26793495	67.51456609	75.94787444	47.94893536
Tbrg4	28.56512134	25.77621138	23.78991129	24.17599595	21.92483332	21.98491102	25.44229223
Tmprss2	0	0	0	0	0	0.999314137	0
Fap	7.767708433	0.448281937	0.660830869	2.649424214	0.696026455	2.997942412	1.957099403
Gcg	0	1.120704843	0.991246304	1.324712107	0	0	0
Ndufa9	159.1127373	137.6225547	118.619141	133.1335667	146.5135687	164.8868327	141.8897067
Egfl6	2.255141158	2.241409685	2.312908042	1.324712107	1.392052909	1.33241885	0
Lck	7.015994714	4.258678402	8.921216735	10.26651883	12.52847618	2.6648377	0.978549701
Tssk3	0	0	0	0.331178027	0.696026455	0	0.978549701
Cttnbp2	2.505712398	8.069074867	14.86869456	22.85128384	13.57251586	19.98628275	48.92748506
Galnt1	54.87510151	42.58678402	26.43323477	32.78662465	25.75297882	15.9890262	20.06026888
Myf5	0.751713719	0	0	0	0.348013227	0	0
Mkrn2	20.7974129	25.77621138	39.98026759	47.35845782	44.89370632	38.30704193	36.20633895
Pparg	0.50114248	0	0.660830869	0	0.348013227	2.6648377	1.957099403
Raf1	88.2010764	113.639471	121.2624645	136.776525	120.4125766	57.29401054	43.05618686
Septin1	9.772278352	8.069074867	4.29540065	2.318246187	2.784105818	1.33241885	3.914198805
Pdgfb	5.763138515	6.275947119	12.88620195	12.25358699	15.312582	19.98628275	25.44229223
Acvrl1	6.013709755	4.258678402	7.269139562	9.604162775	4.872185182	4.330361262	5.871298208
Tamalin	5.261996035	5.603524213	7.269139562	3.974136321	3.132119046	32.31115711	38.6527132
Acvr1b	16.28713059	46.17303952	80.62136605	65.24207127	67.16655287	53.29675399	83.17672461
Tom1l2	10.27342083	26.00035235	64.10059432	48.68316993	49.06986505	97.93278546	176.1389462
Gpa33	0.25057124	0	0	0	0	0	0
Zfp385a	39.08911341	37.20740078	69.38724127	46.36492374	48.02582537	43.30361262	60.18080663
Itga5	19.5445567	7.172510993	5.617062389	7.617094615	5.916224864	2.997942412	1.957099403
Gabra2	1.002284959	4.034537434	16.52077173	13.5782991	15.66059523	16.65523562	29.84576589
Wdr77	61.64052499	48.19030823	44.27566824	45.04021164	33.75728305	30.64563355	32.78141499
Adora3	0	0	0.660830869	0.331178027	0.348013227	0.333104712	1.467824552
Atp5pb	576.0632803	583.2148001	504.2139532	534.5213352	667.1413567	756.480802	422.733471
Sox9	33.82711737	71.05268702	34.03278977	30.79955649	12.52847618	4.996570687	24.95301738
Hnrnpd	485.3564915	475.1788533	346.9362064	302.6967164	175.0506533	61.95747652	82.68744976
Dynlt1c	140.8210368	219.8822901	216.0916942	178.8361344	207.0678702	34.30978538	12.23187127
C1d	171.6412993	179.9851977	156.2865006	178.8361344	219.9443596	111.9231834	85.13382401
Gm2a	11.02513455	16.58643167	35.68486694	41.39725334	47.32979891	53.62985871	84.64454916
Krit1	29.06626381	28.91418494	21.47700325	20.86421568	8.352317455	13.3241885	22.99591798
Clcn4	29.81797753	73.74237865	149.3477765	142.7377295	136.0731719	127.2460002	165.3748995
Sema4f	1.753998678	4.931101308	19.49451064	18.21479147	15.66059523	14.98971206	25.44229223
Hk2	20.54684166	10.75876649	2.312908042	1.324712107	1.740066136	0.333104712	0.978549701
Myo18a	24.05483902	55.36281923	75.3347191	67.22913943	37.93344177	41.30498435	97.36569528
Sez6	1.002284959	64.55259894	138.1136517	134.4582789	137.813238	74.9485603	130.6363851
Haao	0	0	0	0	0.696026455	0.666209425	0
Cd52	5.011424796	1.56898678	4.625816085	0.662356053	1.740066136	4.330361262	2.446374253
Abhd15	0.50114248	0	0.330415435	0	0.696026455	0.333104712	0
Hoxb6	0.25057124	0	47.91023802	12.25358699	10.44039682	0	0
Loxl3	3.507997357	2.017268717	5.617062389	3.311780267	1.740066136	1.33241885	2.446374253
Btn1a1	0	0	0.991246304	0	0.348013227	0	0
Kat2b	6.765423474	11.87947133	18.1728489	12.91594304	10.44039682	11.99176965	22.50664313
Rab5b	57.63138515	95.48405259	99.78546126	115.5811313	107.5360872	93.93552892	137.9755079
Dnmt3l	0	0	0.330415435	0	0	0.333104712	0
Icosl	1.753998678	0.448281937	0.991246304	1.324712107	1.740066136	2.997942412	4.403473656
Spg7	25.30769522	34.74185012	37.33694411	36.09840491	55.33410314	47.63397388	42.56691201
Sult5a1	2.255141158	0.672422906	0.660830869	1.98706816	0.696026455	0.333104712	0.978549701
Rpl13	3756.313456	2972.781666	2009.917089	2448.067974	2679.005824	1388.713546	1010.841841
Chmp1a	66.40137854	110.9497794	132.1661739	158.3030968	169.8304549	133.5749897	112.5332156
Rpa1	110.2513455	79.12176189	40.31068302	48.02081388	33.75728305	42.6374032	33.75996469
Serpinf1	27.81340762	13.67259908	16.52077173	24.83835201	17.05264814	19.32007332	6.360573058
Tubgcp3	40.84311208	35.41427303	37.33694411	39.41018518	30.625164	26.31527228	28.86721619
Polr3d	25.55826646	28.91418494	23.45949586	27.15659819	33.06125659	21.98491102	15.65679522
Tcf7	14.03198943	7.844933899	8.5908013	6.623560535	3.132119046	1.665523562	0.978549701
Ddx3x	217.9969786	187.6059907	172.1464414	157.9719188	120.4125766	84.27549225	105.1940929
Il12rb1	0.50114248	0	0	0	0	1.998628275	0.978549701
Slc5a5	0.25057124	0.224140969	1.321661739	1.655890134	4.176158727	13.3241885	28.37794134
Kcnn3	0	0.224140969	0.330415435	0.331178027	0.348013227	0.333104712	0.978549701
Usp32	18.79284298	39.8970924	51.21439237	55.30673046	48.02582537	60.62505767	87.09092341
Car4	5.512567275	1.120704843	2.312908042	1.324712107	4.872185182	47.9670786	51.37385932
Txnrd3	7.517137194	7.172510993	10.24287847	14.57183318	21.92483332	3.331047125	1.467824552
Fasl	0	0.224140969	0.660830869	0.331178027	0	0	0
Zfp512b	22.0502691	39.67295143	67.7351641	56.9626206	44.89370632	16.98834034	45.50256111
Dnajc5	46.35567936	91.67365613	181.0676582	183.8038048	154.8658861	113.588707	166.3534492
Tpd52l2	68.40594846	66.56986765	38.98902129	51.33259414	55.68211637	65.28852364	36.6956138
Fmr1	46.6062506	44.1557708	37.00652868	41.06607532	39.67350791	38.97325136	46.97038566
Bcl11a	25.8088377	108.4842288	149.3477765	170.5566838	109.9721798	76.61408387	118.8937887
Il4	0	0	0	0	0	0	0
Pxmp4	5.512567275	4.258678402	8.260385866	8.279450668	10.78841005	9.993141374	9.296222162
Dlg3	40.09139837	50.20757695	58.15311649	50.00788204	48.37383859	77.613398	119.3830636
Gnb1l	9.271135872	8.069074867	6.938724127	9.935340802	13.92052909	5.329675399	5.382023357
Dbh	0.751713719	0.224140969	4.29540065	1.324712107	2.784105818	0.333104712	0.489274851
Mmp11	13.53084695	14.56916295	14.20786369	17.22125739	8.700330682	0.333104712	0.489274851
Smarcb1	103.485922	157.1228189	172.4768569	157.6407407	135.7251586	68.95267548	71.43412819
Vpreb3	0	0	0.330415435	0.331178027	0.348013227	0	0
Hip1r	8.018279673	14.34502199	33.04154346	42.0596094	43.50165341	42.30429848	54.30950842
Nsun5	15.28484563	13.44845811	14.20786369	17.88361344	13.22450264	6.995198962	11.25332156
Top1mt	8.018279673	4.258678402	9.912463039	10.92887488	10.44039682	10.6593508	11.25332156
Hoxa10	2.255141158	0	0	0	0	0	0
Hoxa4	0	0.224140969	40.31068302	10.92887488	11.4844365	0	0.978549701
Mmp14	22.55141158	18.37955942	25.7724039	17.22125739	20.88079364	2.997942412	2.446374253
Slc7a7	4.009139837	4.034537434	3.964985216	6.954738561	2.784105818	1.665523562	2.446374253
Oxa1l	58.13252763	69.48370024	84.58635127	84.11921879	75.51887032	55.62848698	41.5883623
Heatr6	12.02741951	15.24158586	23.12908042	13.24712107	12.52847618	1.998628275	11.25332156
Ccl3	2.255141158	0.224140969	0.330415435	0.331178027	1.392052909	0.333104712	0.489274851
Wfdc18	0	0	0	0.331178027	0.348013227	2.331732987	1.957099403
Icam4	5.512567275	0	1.652077173	0	0	1.33241885	2.446374253
Ilf2	192.6892834	203.2958585	162.2339784	159.2966309	124.2407221	56.62780112	59.69153178
Chtop	233.2818242	288.0211446	221.3783412	254.6759026	222.3804522	159.890262	141.4004318
Snapin	29.06626381	31.37973559	41.9627602	34.77369281	37.93344177	36.97462308	60.18080663
S100a4	1.252856199	1.56898678	0.660830869	2.649424214	2.088079364	5.995884824	4.892748506
S100a3	0	0	1.321661739	0.662356053	1.044039682	0.333104712	0.489274851
S100a5	0	0	0	0	0	0	0
S100a6	24.5559815	17.48299555	35.35445151	29.80602241	36.88940209	68.28646606	52.35240902
Scn4a	0	0	0	0	0	0	0
Icam2	10.77456331	7.396651962	11.23412478	10.26651883	8.700330682	8.993827237	1.957099403
Mapk7	41.84539704	48.86273114	51.87522324	54.31319638	42.45761373	10.6593508	16.63534492
Epn2	15.03427439	28.91418494	45.92774541	48.02081388	52.54999732	40.63877492	84.15527431
B9d1	62.89338119	54.91453729	24.12032673	27.48777622	30.625164	25.64906286	19.57099403
Sec24b	21.04798414	24.87964751	33.3719589	30.46837846	23.31688623	13.3241885	35.7170641
N4bp3	12.77913323	5.379383245	15.85994086	18.21479147	25.05695236	8.327617812	9.785497013
Rmnd5b	14.03198943	28.24176203	49.56231519	39.41018518	46.63377246	48.96639273	57.24515752
Nhp2	232.7806818	144.5709247	82.27344322	99.02222999	109.6241666	101.930042	71.43412819
Vps9d1	11.27570579	21.51753298	48.90148433	39.74136321	52.54999732	41.30498435	46.97038566
Zfp276	9.521707112	10.75876649	9.582047604	12.91594304	13.57251586	8.993827237	8.317672461
C1ql4	0.751713719	12.55189424	22.13783412	7.617094615	8.700330682	2.331732987	0
Mfsd10	22.30084034	22.18995588	23.78991129	25.50070806	26.44900527	10.6593508	14.67824552
Luzp1	47.10739308	27.12105719	23.12908042	16.89007936	10.78841005	36.64151837	66.05210484
Slc13a2	0	0	0	0	0	0.333104712	0
Kctd10	58.38309887	73.51823768	65.75267149	61.26793495	53.594037	32.31115711	37.6741635
Poldip2	52.87053159	71.27682799	80.62136605	96.04162775	107.8841005	106.2604033	84.15527431
Sebox	0	0.448281937	0.330415435	0	0	4.330361262	8.806947311
Ift20	69.65880466	77.32863414	67.40474866	87.09982103	129.4609206	142.9019216	95.40859587
Col6a1	6.264280995	11.20704843	20.15534151	25.16953003	13.57251586	2.997942412	9.785497013
Pcbp3	21.29855538	24.87964751	33.70237433	35.76722689	38.281455	38.97325136	40.6098126
Lgals9	1.002284959	3.586255496	8.5908013	7.285916588	10.78841005	8.327617812	7.33912276
Araf	50.86596168	95.48405259	174.1289341	186.4532291	234.9089284	255.4913145	161.9499756
Cfp	5.011424796	8.069074867	10.24287847	5.630026455	3.8281455	1.33241885	6.360573058
Timp1	8.769993392	4.482819371	5.617062389	6.954738561	3.132119046	0.333104712	0.978549701
Uxt	56.87967143	49.08687211	23.45949586	24.50717398	21.22880686	20.65249217	13.21042097
Cnnm3	11.77684827	20.17268717	19.49451064	32.12426859	16.35662168	10.99245551	22.99591798
Lman2l	18.54227174	25.10378848	30.72863542	24.50717398	23.31688623	28.64700527	22.01736828
Mcm3ap	29.81797753	30.93145366	36.67611324	32.78662465	28.18907141	13.99039792	30.82431559
Pcnt	21.54912662	11.65533036	12.55578652	5.961204481	2.436092591	3.99725655	17.61389462
Ftcd	0	0	0.991246304	0.331178027	1.044039682	0	0
Mxd1	5.011424796	15.91400877	19.49451064	14.57183318	7.308277773	8.660722524	16.14607007
Gmcl1	22.55141158	38.10396465	36.67611324	33.4489807	14.26854232	8.993827237	13.21042097
Snrnp27	121.2764801	128.432775	76.3259654	82.79450668	86.30728037	77.613398	53.33095872
Oas1c	0	1.120704843	0	0.99353408	0	2.6648377	0.489274851
Oas1h	0	0	0	0	0	0	0
Ocrl	14.28256067	22.18995588	43.94525281	35.43604886	35.84536241	20.65249217	36.6956138
Calm1	499.3884809	563.9386768	581.8615804	610.0299252	702.2906927	1217.164619	1404.708096
Agpat3	16.53770183	31.15559463	35.35445151	45.70256769	53.94205023	100.2645185	85.62309886
Sema6b	3.257426117	17.03471361	56.83145476	57.29379863	68.21059255	81.61065455	106.6619174
Uhrf1	195.9467095	107.8118059	30.39821999	25.83188609	6.612251318	0.333104712	0.978549701
Dpp9	36.58340101	35.86255496	40.64109846	30.79955649	28.18907141	35.30909952	51.86313417
Ramp2	72.66565954	65.67330378	96.81172235	92.39866946	107.5360872	81.61065455	51.86313417
Lsr	17.28941555	14.79330392	11.56454021	14.9030112	12.18046296	5.329675399	1.957099403
Gramd1a	43.34882448	108.2600878	146.704453	151.6795362	135.3771454	55.62848698	79.2625258
Hpn	0.25057124	0.224140969	0.330415435	0	1.392052909	0.333104712	0.978549701
Gabrg1	0.50114248	1.120704843	12.55578652	16.55890134	25.75297882	13.65729321	14.18897067
Ckb	784.789123	1110.84264	911.6161841	887.5571117	1230.574772	2410.012595	2611.749153
Sp1	51.6176754	39.00052852	30.39821999	16.55890134	8.352317455	3.331047125	16.63534492
Itgb7	0	0.448281937	0	0.662356053	0.696026455	2.331732987	0.978549701
Myg1	79.93222549	58.05251085	41.63234476	42.72196545	39.32549468	32.64426182	41.09908745
Rarg	18.2917005	6.500088087	7.599554996	7.285916588	6.612251318	5.995884824	6.360573058
Pfdn5	331.255179	374.7636994	358.5007466	360.6528711	383.1625632	302.1259742	334.6639978
Efnb2	40.59254084	72.39753284	41.9627602	63.25500311	31.32119046	17.65454976	27.39939164
Rrp15	56.62910019	30.93145366	24.12032673	18.5459695	8.352317455	8.660722524	8.806947311
Rnd2	66.40137854	243.4170918	122.2537108	170.2255057	201.8476718	337.101969	120.8508881
Srr	12.77913323	30.70731269	42.9540065	47.68963585	35.84536241	71.61751318	91.98367192
Sync	0.25057124	0.224140969	1.321661739	0.662356053	2.088079364	0.333104712	0.978549701
Fndc5	0.50114248	1.344845811	14.20786369	15.89654528	22.27284655	102.5962514	72.41267789
Acp5	22.30084034	1.793127748	1.321661739	6.292382508	1.740066136	1.998628275	0
Cnn1	3.006854877	0.448281937	0.660830869	0.99353408	0.696026455	0.333104712	0
Fbxo9	19.29398546	24.87964751	59.47477823	67.22913943	115.5403915	132.2425708	94.91932102
Vps50	41.5948258	44.37991177	28.41572738	47.68963585	40.71754759	53.62985871	57.73443238
Hars1	91.20793128	97.50132131	109.0370934	118.2305555	135.7251586	147.8984923	98.83351983
Zmat2	130.2970447	117.6740085	98.79421495	100.6781201	79.34701582	194.8662568	231.4270044
Ube2c	334.0114626	220.1064311	65.75267149	52.98848428	36.54138887	1.665523562	1.467824552
Smg5	46.10510812	60.74220247	45.92774541	49.01434796	52.20198409	41.30498435	58.71298208
Cct3	638.455519	446.0405274	295.0609831	330.1844927	295.46323	159.890262	142.8682564
Glmp	30.82026249	24.2072246	35.68486694	36.76076097	30.97317723	50.29881158	46.97038566
Mef2d	10.02284959	20.17268717	29.73738912	32.45544662	39.67350791	59.95884824	115.4688648
Tmem79	0.25057124	0.672422906	0	0	0	0.333104712	0.489274851
Snd1	74.16908698	67.01814959	78.30845801	73.19034391	81.78310841	46.63465975	69.47702879
Col18a1	72.16451706	32.27629947	31.71988172	17.22125739	10.44039682	1.665523562	0.489274851
Slc19a1	13.53084695	15.01744489	20.81617238	25.50070806	25.40496559	17.65454976	13.21042097
Kpnb1	288.1569258	186.9335678	140.0961443	120.2176237	77.60694968	54.62917284	82.68744976
Npepps	54.37395903	80.69074867	136.4615745	91.73631341	93.26754491	60.29195296	110.0868414
Tbx21	0	0.672422906	0	0	0	0	0
Mrpl10	43.34882448	33.39700431	35.35445151	26.49424214	35.49734918	44.96913618	39.14198805
Cyp51	86.44707773	90.77709226	81.61261235	97.36633986	80.3910555	40.63877492	21.03881858
Tcf25	114.5110566	180.6576206	299.0259683	316.6061936	406.8274627	567.61043	558.7518794
Tubb6	89.20336136	31.82801753	13.87744825	17.22125739	12.52847618	2.997942412	0.489274851
Def8	28.3145501	42.81092499	49.56231519	37.09193899	52.54999732	35.97530895	30.33504074
Meox1	2.255141158	0	1.321661739	2.980602241	2.088079364	2.6648377	0.489274851
Sost	0.751713719	0.672422906	0.330415435	0	0	0	0
Nkx2-1	12.02741951	49.31101308	19.49451064	10.59769686	8.700330682	0.999314137	0.489274851
Pax9	0.25057124	0	0	0	0	0	0
Irx2	19.5445567	32.0521585	46.25816085	25.16953003	22.27284655	3.331047125	0
Col1a1	41.34425456	43.93162983	47.57982259	186.122051	17.05264814	18.6538639	3.914198805
Itga3	7.767708433	5.155242276	21.14658782	13.24712107	17.40066136	7.328303674	6.849847909
Sgca	0.25057124	0.224140969	0	0.662356053	0.348013227	0.333104712	0
Dlx3	1.002284959	0.224140969	0	0.662356053	0	0	0
Foxm1	43.59939572	37.87982368	8.921216735	7.617094615	4.176158727	1.33241885	1.957099403
Itfg2	13.02970447	12.77603521	23.12908042	21.85774976	21.92483332	10.32624609	16.63534492
Nrip2	0.50114248	0.896563874	2.973738912	3.311780267	5.568211637	23.31732987	11.25332156
Tulp3	21.04798414	22.18995588	19.49451064	19.8706816	17.40066136	7.994513099	13.21042097
Gtf2h4	42.34653952	29.58660785	16.52077173	19.53950358	21.92483332	26.648377	21.52809343
Tubb5	2147.896667	3006.851093	3543.375121	3913.530742	3527.114059	667.5418438	500.0388974
Ell2	10.02284959	1.344845811	2.312908042	2.649424214	1.392052909	27.98079585	35.22778925
Jup	12.52856199	23.5348017	57.49228563	39.07900715	33.06125659	18.6538639	51.86313417
Fkbp10	27.31226514	17.03471361	17.51201804	22.52010582	14.61655555	2.997942412	6.849847909
Klhl10	0.50114248	0.672422906	0.991246304	0	0	0.333104712	0
Nom1	18.2917005	16.81057264	16.52077173	14.9030112	8.352317455	10.32624609	17.61389462
Ergic1	46.85682184	58.50079279	85.57759757	76.8333022	69.25463223	54.96227756	78.2839761
Tnk1	0	0.224140969	0	0	0	0	0
Acap1	1.002284959	0	0.660830869	0.331178027	0.348013227	0	0
Tcea3	1.252856199	0.448281937	0.991246304	1.324712107	1.044039682	0.999314137	0.489274851
Csn3	0.25057124	0.224140969	0	0	0	0	0
Ifrd1	46.35567936	61.19048441	57.82270106	56.9626206	59.16224864	56.62780112	49.41675991
Stk38l	7.266565954	8.293215836	7.929970431	6.292382508	5.916224864	9.326931949	14.67824552
Brpf1	18.2917005	18.15541845	18.1728489	18.5459695	19.83675396	10.32624609	18.10316947
Akr1b1	210.4798414	114.311894	75.3347191	76.17094615	89.43939941	75.94787444	58.22370723
Hoxc13	0	0	0	0	0	0	0
Hoxc11	0	0	0	0	0	0	0
Hoxc8	0	0.224140969	0.330415435	0	0	0	0
Hoxc6	0.50114248	0	8.5908013	0.331178027	2.436092591	0	0
Gstt1	3.507997357	4.258678402	6.938724127	15.23418923	21.57682009	12.65797907	12.23187127
Gstt3	0.25057124	0.224140969	0.330415435	1.98706816	2.088079364	1.665523562	2.935649104
Ddt	58.88424135	58.72493376	68.7264104	62.26146903	71.34271159	75.61476973	75.83760185
Tat	0	0	0	0	0	0.333104712	0
Marveld3	0.25057124	0.224140969	0	0.331178027	0.348013227	0.333104712	0
Ddx18	101.4813521	68.13885443	30.06780455	31.13073451	22.968873	18.98696861	15.65679522
Ubl3	30.06854877	60.06977957	80.62136605	95.04809367	78.99900259	237.50366	241.7017762
Gramd2b	8.769993392	3.362114528	3.634569781	3.311780267	4.872185182	8.993827237	13.69969582
Eef1e1	115.7639128	147.7088983	120.9320491	140.4194833	184.7950237	73.94924617	44.52401141
Akt1	143.0761779	240.7274002	283.1660275	308.9890989	272.494357	127.5791049	128.1900109
Cldn15	0.25057124	0.672422906	0.660830869	0.331178027	0	0	0.489274851
Il16	0.25057124	1.344845811	0.330415435	0.99353408	0.348013227	0.333104712	10.27477186
Tcirg1	5.512567275	4.034537434	4.625816085	7.285916588	8.352317455	4.663465975	13.21042097
Naglu	4.259711076	5.827665182	8.921216735	8.279450668	15.66059523	6.328989537	11.25332156
Coasy	27.56283638	28.69004397	29.40697368	27.48777622	31.66920368	32.64426182	28.37794134
Smo	79.93222549	47.29374436	30.72863542	22.18892779	14.26854232	8.327617812	8.317672461
Tspan33	14.53313191	2.465550654	13.54703282	12.25358699	12.87648941	29.97942412	25.93156708
Crnkl1	54.12338779	50.65585889	24.7811576	23.18246187	15.312582	11.65866494	10.27477186
Rin2	12.27799075	15.01744489	21.47700325	12.91594304	10.44039682	20.31938746	22.01736828
Folh1	0.25057124	0	1.652077173	0.99353408	4.524171955	12.65797907	3.914198805
Chordc1	102.9847796	82.25973545	54.51854671	52.32612822	43.84966664	41.30498435	43.54546171
Rtcb	158.6115948	124.3982375	130.1836812	127.1723623	141.2933703	105.2610891	90.51584737
Pwp1	56.12795771	54.91453729	32.05029716	34.44251478	32.71324336	16.32213091	14.18897067
Fbxo7	10.52399207	7.62079293	13.21661739	9.935340802	14.26854232	27.31458642	19.08171917
Capns1	132.8027571	142.329515	190.3192903	205.3303766	277.7145554	201.8614558	175.6496714
Lrp3	33.82711737	57.38008794	83.59510496	79.15154839	55.68211637	39.63946078	58.71298208
Hoxd13	2.004569918	0	0.330415435	0	0	0	0
Hoxd12	0.50114248	0	0	0	0	0	0
Folr1	8.268850913	7.396651962	17.1816026	29.47484438	18.44470105	14.32350264	9.785497013
Clpb	26.30998018	20.84511007	18.50326434	25.16953003	26.10099205	35.30909952	40.12053775
Septin7	234.033538	273.0036997	213.4483708	175.5243542	143.7294629	340.7661209	545.5414585
Zdhhc4	20.04569918	26.44863429	35.02403607	28.4813103	35.49734918	20.98559689	23.48519283
Rac1	217.4958361	234.6755941	302.3301227	293.4237317	235.9529681	222.8470526	327.3248751
Nup214	15.03427439	14.12088102	20.48575695	13.5782991	11.4844365	5.995884824	19.57099403
Aif1l	50.61539044	44.60405274	19.16409521	22.18892779	21.57682009	5.329675399	10.27477186
Cpa3	0	0	1.982492608	2.649424214	3.132119046	0.333104712	0
Ltbp1	6.514852234	5.379383245	1.652077173	4.305314348	1.044039682	0.666209425	3.424923954
Ugp2	59.38538383	50.87999986	68.39599497	66.8979614	66.47052641	103.9286703	87.58019826
Kcnh6	0.25057124	0	1.982492608	2.649424214	2.088079364	1.665523562	0.489274851
Trmt1	38.08682845	43.93162983	46.58857628	52.32612822	60.20628832	36.30841366	44.52401141
Nacc1	71.1622321	62.98361216	58.48353193	51.66377217	50.46191796	49.29949744	78.2839761
Nfix	1.002284959	49.31101308	65.09184062	159.9589869	68.55860578	36.30841366	218.7058582
Slc1a5	23.80426778	14.79330392	9.582047604	9.604162775	5.568211637	1.33241885	2.935649104
Uba1	250.5712398	379.0223778	574.9228563	421.9208061	364.369849	167.5516704	267.1440684
Vwf	2.756283638	3.362114528	6.608308693	2.318246187	4.176158727	2.331732987	3.914198805
Siae	4.009139837	4.034537434	4.956231519	4.636492374	4.176158727	6.328989537	13.21042097
Vsig2	0.25057124	0.448281937	0.330415435	1.655890134	0	0.333104712	1.467824552
Esam	13.02970447	15.01744489	24.45074216	29.80602241	23.31688623	17.32144505	8.806947311
Spa17	10.77456331	11.87947133	15.19910999	12.58476502	11.13642327	5.329675399	3.914198805
Fam50a	38.33739969	42.58678402	45.26691454	42.39078742	41.41357405	17.65454976	25.93156708
Emd	91.20793128	83.38044029	61.78768628	67.22913943	57.4221825	62.95679066	61.15935633
Taco1	14.78370315	11.87947133	11.56454021	13.24712107	9.048343909	9.660036662	14.18897067
Grik3	2.756283638	16.3622907	40.64109846	41.06607532	29.23311109	18.6538639	36.20633895
Gria3	2.505712398	5.603524213	19.82492608	19.20832555	18.44470105	68.95267548	153.1430282
Npas1	0.25057124	1.793127748	2.643323477	8.941806722	13.22450264	9.660036662	9.296222162
Sipa1l2	19.29398546	44.37991177	52.20563867	34.11133675	20.18476718	19.32007332	35.7170641
Ap4e1	7.767708433	7.62079293	13.54703282	11.59123094	6.264238091	3.331047125	7.33912276
Blvra	15.53541687	20.17268717	18.1728489	16.55890134	23.66489946	39.9725655	31.31359044
Pdzd4	11.77684827	62.98361216	146.3740375	144.3936197	130.156947	58.62642939	83.17672461
Srpk3	0.25057124	0	1.321661739	0.99353408	0	3.664151837	3.914198805
Idh3g	133.805042	138.7432595	133.4878356	142.7377295	144.0774761	196.8648851	195.7099403
Pnck	6.514852234	30.70731269	80.62136605	96.37280578	114.844365	126.246686	49.41675991
Ssr4	143.3267492	134.0362992	108.3762626	137.4388811	198.7155528	172.8813458	103.2369935
Bcap31	95.96878484	66.34572669	75.3347191	56.30026455	62.29436768	84.60859697	85.62309886
Fam98a	54.62453027	58.27665182	44.93649911	43.3843215	41.76158727	30.31252883	41.09908745
Ltbp2	0	0.224140969	1.321661739	0.662356053	0.348013227	0	0.489274851
Kmt2a	21.29855538	33.62114528	50.88397693	35.10487083	17.05264814	11.99176965	34.7385144
Ift46	63.14395243	86.96669579	82.27344322	104.3210784	88.74337296	80.61134042	40.6098126
Tmem25	2.004569918	2.241409685	7.599554996	8.610628695	10.44039682	46.96776446	63.60573058
Cd3g	0	0	0	0	0	0	0
Trappc6a	19.79512794	20.17268717	21.47700325	18.21479147	24.70893914	23.9835393	10.76404671
Supt6	38.58797093	39.44881046	55.50979302	48.3519919	38.62946823	40.30567021	81.21962521
Spag5	51.36710416	35.86255496	12.22537108	11.26005291	9.744370364	4.330361262	2.935649104
Unc119	60.38766879	80.24246673	80.95178148	97.69751789	140.9453571	62.62368594	33.75996469
Rab34	53.12110283	24.87964751	37.00652868	41.06607532	44.19767987	23.9835393	18.59244432
Sdf2	59.88652631	70.15612315	73.35222649	83.45686274	105.0999946	100.5976232	71.43412819
Ccne1	49.61310548	19.50026426	11.89495565	10.26651883	11.4844365	14.65660735	20.54954373
Hsf2bp	0	0.672422906	0.330415435	0.331178027	0.696026455	0.666209425	0.489274851
Bbc3	15.03427439	14.79330392	28.41572738	47.35845782	55.68211637	8.660722524	7.82839761
Mybpc3	11.27570579	0	16.52077173	0	1.392052909	0.333104712	0.489274851
Psmc3	265.8560854	213.1580611	168.8422871	173.868464	191.407275	199.8628275	208.4310864
Acp2	20.7974129	28.91418494	30.72863542	32.45544662	29.23311109	34.97599481	47.45966051
Rapsn	0.751713719	0.896563874	1.321661739	1.655890134	1.044039682	1.665523562	0.978549701
Slc39a13	10.02284959	8.965638741	19.16409521	16.22772331	18.79271427	23.31732987	25.93156708
Celf2	42.847682	142.105374	176.7722575	196.3885699	86.30728037	63.95610479	127.2114612
Nr1h3	1.753998678	1.793127748	3.304154346	2.980602241	2.784105818	4.330361262	3.424923954
Ddb2	3.257426117	7.844933899	6.938724127	5.630026455	8.700330682	6.662094249	7.33912276
Spi1	2.756283638	4.258678402	3.634569781	5.630026455	3.8281455	4.330361262	8.806947311
Sf3a1	49.111963	56.70766504	39.64985216	37.09193899	27.14503173	18.32075919	32.29214014
Stat6	7.767708433	3.810396465	6.608308693	4.636492374	6.960264546	2.331732987	6.849847909
Clgn	0.50114248	2.465550654	7.599554996	8.610628695	6.960264546	5.995884824	4.892748506
Napsa	0.50114248	0.224140969	3.304154346	0	0.348013227	1.998628275	1.957099403
Vrk3	24.30541026	23.75894266	17.1816026	21.52657174	23.31688623	27.64769113	22.50664313
Smg9	9.271135872	12.77603521	23.45949586	20.86421568	20.88079364	20.65249217	31.31359044
Paxip1	28.56512134	26.67277526	24.45074216	25.16953003	19.48874073	19.32007332	27.39939164
Rmnd5a	34.82940233	26.89691622	30.72863542	21.52657174	17.05264814	31.64494768	64.09500543
Mov10	4.760853556	4.482819371	6.608308693	2.318246187	5.916224864	2.331732987	3.914198805
Ppm1j	1.002284959	0.448281937	1.321661739	1.655890134	1.044039682	0.999314137	0
Rhoc	91.959645	56.03524213	51.87522324	50.67023809	46.63377246	32.31115711	14.67824552
Prr27	0	0	0	0	0	0	0
Tead3	14.53313191	6.05180615	7.269139562	8.279450668	2.436092591	2.331732987	1.467824552
Ppard	11.77684827	9.413920678	11.23412478	9.272984749	10.78841005	15.65592149	17.12461977
Def6	2.004569918	3.810396465	6.608308693	7.285916588	8.004304228	4.330361262	1.467824552
Peg3	85.19422153	82.48387642	144.0611295	86.768643	76.91092323	92.60311007	139.9326073
Zim1	3.758568597	4.706960339	13.54703282	10.92887488	9.744370364	0.999314137	1.467824552
Metrn	177.655009	70.60440509	66.41350236	65.90442732	97.44370364	106.593508	75.348327
Lmf1	9.772278352	9.413920678	13.21661739	13.5782991	12.87648941	19.65317804	13.21042097
Ciao3	12.52856199	18.60370039	18.50326434	22.52010582	19.1407275	37.97393722	23.97446768
Angptl4	22.0502691	11.4311894	16.52077173	18.21479147	22.968873	4.663465975	2.446374253
Dbf4	86.44707773	56.2593831	15.85994086	12.91594304	8.004304228	0.666209425	0.978549701
Daxx	31.32140497	33.84528625	37.33694411	43.3843215	32.36523014	9.993141374	17.12461977
Cd320	57.13024267	42.13850208	32.38071259	33.11780267	43.15364018	41.63808906	16.63534492
Ipo4	35.33054481	29.36246688	57.49228563	50.67023809	52.89801055	25.98216757	34.24923954
Tm9sf1	21.79969786	31.15559463	32.38071259	32.45544662	32.71324336	24.31664401	32.29214014
Rec8	0.25057124	0.224140969	1.652077173	1.324712107	1.044039682	0	1.957099403
Irf9	5.763138515	5.827665182	9.912463039	11.26005291	6.612251318	6.328989537	5.871298208
Gmpr2	50.61539044	39.22466949	28.08531194	37.75429505	26.10099205	26.648377	27.88866649
Mdp1	32.32368993	40.12123337	47.91023802	51.66377217	52.54999732	41.30498435	39.6312629
Dhrs1	38.83854217	41.91436112	39.98026759	54.64437441	55.33410314	83.94238754	75.348327
Ncan	10.02284959	75.08722446	184.702228	113.5940632	80.73906873	35.64220423	79.2625258
Tmem161a	25.8088377	25.32792944	19.82492608	31.13073451	34.80132273	30.97873826	23.97446768
Armc6	19.04341422	36.75911884	55.17937758	85.4439309	111.0162195	45.96845032	29.35649104
Borcs8	30.82026249	44.60405274	40.97151389	45.37138966	43.15364018	41.63808906	40.12053775
Slc25a42	1.753998678	2.241409685	8.921216735	5.298848428	5.568211637	9.326931949	19.08171917
Snx9	19.29398546	10.31048455	12.55578652	11.26005291	9.744370364	10.99245551	9.296222162
Ranbp3	81.18508169	89.65638741	85.908013	78.82037036	91.875492	65.28852364	71.43412819
Ndufa11	210.4798414	206.657973	247.811576	253.0200124	335.8327643	406.0546445	282.8008637
Bmp8b	0.50114248	0	0	0.331178027	0.348013227	0	0
Nr2f6	119.2719101	52.6731276	46.91899172	68.88502956	86.65529359	55.29538227	48.92748506
Use1	90.7067888	128.6569159	124.8970343	155.3224945	168.438402	141.9026075	120.8508881
Ocel1	3.257426117	5.379383245	9.582047604	18.21479147	28.18907141	39.9725655	2.935649104
Dyrk1b	10.52399207	14.12088102	16.52077173	8.610628695	11.83244973	17.65454976	17.12461977
Braf	12.77913323	12.32775327	24.12032673	20.20185963	14.26854232	24.64974872	68.49847909
Ndufb2	241.3001039	248.7964751	254.4198847	344.0939698	525.4999732	660.2135401	311.6680799
Hltf	23.3031253	28.465903	13.54703282	17.22125739	10.09238359	7.661408387	17.12461977
Prpf6	58.38309887	62.31118925	61.12685541	57.95615468	45.937746	30.97873826	48.92748506
Rgs19	27.31226514	19.05198233	22.79866499	27.81895425	39.32549468	22.65112045	23.97446768
Rgs20	1.252856199	7.62079293	9.25163217	6.954738561	9.744370364	14.98971206	38.16343835
Abhd3	0.751713719	0.896563874	1.982492608	0.99353408	10.09238359	63.62300008	52.84168387
Snrpd1	471.8256445	348.3150651	218.7350177	187.7779412	140.5973438	73.94924617	69.96630364
Tchp	10.27342083	14.79330392	15.52952543	14.9030112	12.18046296	3.99725655	5.382023357
Tiam1	9.271135872	15.46572683	27.75489651	26.16306411	9.048343909	28.98010998	49.41675991
Tsc2	26.05940894	37.65568271	65.42225606	46.69610177	29.23311109	24.31664401	75.83760185
Rpl3l	0	0	0.330415435	0.331178027	0	0.333104712	0
Nherf2	15.53541687	10.08634358	22.79866499	29.47484438	40.36953437	57.62711526	38.6527132
Puf60	270.616939	254.3999993	224.0216647	234.4740429	222.7284655	189.2034767	163.907075
Golga2	19.04341422	27.34519816	39.98026759	34.11133675	37.93344177	37.64083251	56.26660782
Uck1	40.59254084	49.75929501	56.83145476	60.27440087	77.60694968	55.62848698	42.07763715
Scin	0	0	0	0	0.348013227	0.333104712	0.489274851
Ikzf4	2.004569918	5.827665182	29.07655825	13.24712107	5.568211637	2.331732987	6.849847909
Mien1	57.38081391	100.1910129	122.9145417	144.3936197	177.4867459	201.528351	134.5505839
Pon1	0	0	0	0	1.392052909	0.999314137	0.978549701
Axl	14.78370315	21.74167395	18.1728489	14.24065515	14.61655555	14.65660735	26.91011679
Tgfb1	7.767708433	5.379383245	12.22537108	7.948272642	4.176158727	4.996570687	7.82839761
Ccdc97	25.05712398	34.74185012	45.59732998	30.13720043	34.80132273	22.31801574	28.86721619
Zfp40	7.015994714	8.517356804	16.85118717	13.90947712	7.308277773	4.330361262	10.76404671
Akap8l	23.05255406	31.15559463	58.48353193	56.63144257	48.72185182	41.97119377	91.49439707
Shh	37.83625721	17.48299555	12.55578652	3.311780267	5.220198409	3.664151837	1.957099403
Pdcd2l	29.06626381	37.20740078	33.70237433	45.70256769	44.89370632	27.98079585	22.01736828
Gtf2f1	76.42422813	70.60440509	59.47477823	70.20974167	54.98608991	65.62162836	57.24515752
Clpp	78.92994053	78.67347995	81.28219692	90.4116013	100.9238359	117.5859635	79.2625258
Alkbh7	24.80655274	25.55207041	35.68486694	43.05314348	53.94205023	52.63054457	26.42084193
Dennd1c	1.503427439	4.706960339	8.921216735	6.292382508	5.916224864	0	0.489274851
Med6	78.42879805	57.60422891	28.74614281	26.49424214	28.18907141	21.98491102	15.16752037
Prkd1	6.013709755	7.396651962	2.973738912	4.967670401	3.8281455	4.996570687	8.806947311
Lcp2	0.50114248	1.56898678	1.652077173	3.311780267	2.088079364	0.333104712	1.467824552
Cse1l	216.4935512	148.8296031	72.03056475	78.48919234	57.4221825	49.63260216	39.6312629
Naa20	69.9093759	72.6216738	47.91023802	56.63144257	80.73906873	105.2610891	73.88050245
Prkra	72.91623078	84.27700417	70.70890301	81.8009726	85.26324069	25.64906286	17.61389462
Fkbp7	6.765423474	6.724229056	5.617062389	8.610628695	6.264238091	6.662094249	3.914198805
Plekha3	12.52856199	19.72440523	19.49451064	21.52657174	18.79271427	18.98696861	36.6956138
Ykt6	87.95050516	124.8465195	163.8860556	174.5308201	207.4158835	86.94032995	64.09500543
Baz1b	105.2399207	106.2428191	80.62136605	62.26146903	40.71754759	25.98216757	65.07355513
Pex6	32.32368993	45.05233467	43.94525281	48.3519919	37.93344177	39.30635607	60.18080663
Mrpl2	68.15537722	57.60422891	47.24940715	48.02081388	52.20198409	63.95610479	41.09908745
Mea1	134.3061845	157.1228189	162.5643938	198.375638	316.3440236	246.4974872	120.3616133
Gnmt	0.25057124	0.224140969	0.660830869	0.99353408	3.132119046	1.665523562	3.914198805
Grin2d	0.25057124	4.034537434	41.9627602	24.17599595	26.10099205	6.995198962	10.27477186
Kdelr1	75.17137194	89.20810548	91.19465996	85.4439309	106.8400608	65.62162836	73.3912276
Tmem143	7.015994714	5.603524213	13.21661739	12.25358699	18.79271427	18.32075919	19.08171917
Ggct	11.02513455	6.05180615	12.88620195	12.58476502	13.57251586	32.64426182	22.50664313
Jag2	6.264280995	13.00017617	21.80741869	37.09193899	26.44900527	12.65797907	14.67824552
Btbd6	9.772278352	19.27612329	31.71988172	35.43604886	40.02152114	49.63260216	65.56282999
Nudt14	45.10282316	32.50044044	25.7724039	38.08547307	29.92913755	28.64700527	14.18897067
Epdr1	8.769993392	15.24158586	11.89495565	15.89654528	22.62085977	94.93484305	117.4259642
Flii	33.32597489	33.84528625	42.29317563	45.04021164	32.71324336	19.65317804	42.07763715
Top3a	10.02284959	8.069074867	5.286646954	4.967670401	3.480132273	1.665523562	2.935649104
Atg4d	17.53998678	27.56933913	22.79866499	25.16953003	25.75297882	39.30635607	30.33504074
Qtrt1	34.57883109	27.7934801	22.46824955	27.15659819	20.18476718	11.99176965	15.65679522
Plin4	0	0	0.991246304	0	0	0.999314137	2.446374253
Hdgfl2	67.4036635	79.57004383	74.67388823	67.56031745	67.16655287	40.30567021	49.90603476
Chaf1a	59.38538383	31.82801753	11.56454021	10.59769686	5.220198409	2.997942412	2.446374253
Adprh	107.9962043	141.8812331	158.5994086	156.6472066	164.9582697	155.5599007	118.4045139
Tmem39a	30.31912001	21.29339201	15.85994086	14.57183318	10.44039682	3.99725655	7.33912276
Timmdc1	25.55826646	32.94872237	22.79866499	26.16306411	14.61655555	18.32075919	23.97446768
Pla1a	0.50114248	0.224140969	0	1.655890134	1.392052909	0.666209425	1.467824552
Mcm2	170.8895855	106.0186781	29.07655825	30.13720043	19.83675396	3.331047125	5.871298208
Tpra1	10.52399207	14.12088102	18.83367977	15.23418923	14.26854232	19.32007332	22.99591798
Nab1	7.015994714	7.844933899	20.81617238	16.55890134	11.4844365	11.32556022	16.14607007
Adgre5	5.763138515	6.05180615	7.599554996	6.623560535	4.176158727	2.997942412	3.424923954
Il17ra	1.753998678	2.465550654	3.964985216	2.649424214	1.392052909	7.994513099	11.74259642
Lamb1	30.56969125	19.9485462	34.69362064	35.76722689	12.52847618	4.996570687	10.76404671
Kcnn1	9.271135872	19.05198233	17.84243347	17.55243542	21.57682009	16.65523562	13.69969582
Arrdc2	2.756283638	4.258678402	4.625816085	5.961204481	5.916224864	10.99245551	15.16752037
Ppp1r17	8.519422153	9.18977971	4.29540065	1.98706816	1.740066136	1.33241885	0
Cd36	1.252856199	2.017268717	9.582047604	3.642958294	1.044039682	0.333104712	0.489274851
Map2k7	27.81340762	35.86255496	37.33694411	39.41018518	28.88509786	46.63465975	56.26660782
Timm44	58.13252763	35.41427303	36.67611324	36.09840491	34.80132273	47.30086917	42.07763715
Ap2a2	56.87967143	72.39753284	113.9933249	120.2176237	86.65529359	98.59899489	180.053145
Pnkp	12.52856199	21.06925104	12.88620195	21.85774976	21.92483332	20.65249217	14.18897067
Med25	73.6679445	95.03577066	103.7504465	88.09335511	83.87118778	54.62917284	75.83760185
Bcam	35.58111605	8.965638741	15.19910999	14.24065515	20.53278041	10.99245551	11.25332156
Clptm1	61.13938251	77.10449317	122.5841262	131.8088546	164.6102565	185.5393248	134.0613091
Relb	1.503427439	4.482819371	4.956231519	5.961204481	5.568211637	5.995884824	4.892748506
Tomm40	86.44707773	70.60440509	82.60385866	77.82683628	129.8089338	111.9231834	83.17672461
Apoe	71.91394582	90.77709226	235.9166203	497.0982181	1614.781375	3396.335648	2284.913552
Apoc2	0	0	0	0.331178027	2.088079364	0.333104712	0
Hbp1	63.89566614	62.31118925	42.62359107	36.42958294	25.40496559	19.65317804	23.48519283
Prkar2b	46.35567936	99.51859003	173.4681032	207.3174447	168.438402	51.63123043	56.75588267
Cdkn1b	59.88652631	136.9501318	80.95178148	116.9058434	72.7347645	30.97873826	68.98775394
Klf4	3.006854877	3.362114528	5.286646954	7.285916588	4.176158727	3.99725655	4.892748506
Ap1m1	89.70450384	128.6569159	162.8948093	157.9719188	148.6016481	65.95473307	56.26660782
Rab8a	84.69307905	82.48387642	54.51854671	55.63790849	70.99469837	48.96639273	32.29214014
Hmgn2	1910.605703	1836.386955	879.8963024	860.4005135	578.3979838	174.879974	164.8856247
Fam32a	78.42879805	104.0014094	95.49006061	84.11921879	86.30728037	66.62094249	55.28805812
Elf3	1.252856199	0.448281937	0.330415435	0.662356053	0	0	0
Cyp2c29	0	0	0	0	0	0.666209425	0.489274851
Stard3nl	63.39452367	85.39770901	103.420031	108.9575708	104.055955	62.95679066	47.94893536
Stk11	48.10967804	58.94907472	63.77017888	70.54091969	47.67781214	39.63946078	48.92748506
Efna2	62.64280995	61.63876635	52.53605411	42.39078742	42.80562696	8.993827237	7.82839761
Atp5f1d	309.4554811	320.745726	382.2906579	389.1341814	473.6460023	677.8680899	488.2963009
Ppp5c	50.3648192	51.77656373	63.77017888	61.59911297	96.39966396	120.5839059	102.2584438
Cdk12	17.53998678	19.72440523	20.81617238	12.25358699	4.872185182	6.662094249	14.67824552
Lipe	3.507997357	3.586255496	6.277893258	8.941806722	7.308277773	5.995884824	4.403473656
Pafah1b2	131.0487584	182.6748894	191.9713675	178.5049564	90.13542587	65.62162836	142.8682564
Tbc1d8	2.255141158	3.137973559	5.947477823	10.26651883	7.656291	12.32487436	9.785497013
Cnot11	26.05940894	21.51753298	17.51201804	23.5136399	14.61655555	16.65523562	18.10316947
Slc2a3	60.13709755	16.3622907	34.03278977	39.07900715	57.77019573	90.60448179	107.6404671
Foxj2	4.009139837	7.844933899	15.85994086	15.23418923	11.83244973	9.326931949	21.52809343
Sri	38.08682845	33.39700431	29.73738912	35.43604886	34.80132273	34.6428901	21.52809343
Dgcr2	71.66337458	80.01832577	104.0808619	109.9511049	94.31158459	52.29743986	64.09500543
Irf3	42.847682	45.27647564	31.38946629	32.78662465	21.92483332	16.65523562	27.88866649
Bcl2l12	18.2917005	13.67259908	5.947477823	6.623560535	4.176158727	2.6648377	2.935649104
Zfp959	13.02970447	13.44845811	9.25163217	8.610628695	10.44039682	4.663465975	5.871298208
Mpnd	90.45621756	150.3985899	139.4353134	142.0753735	132.5930396	119.2514871	88.55874797
Sh3gl1	56.62910019	57.82836988	50.5535615	59.28086679	48.72185182	40.30567021	32.78141499
Ebi3	2.004569918	3.137973559	6.608308693	6.954738561	10.44039682	2.6648377	1.957099403
Yju2	10.77456331	11.87947133	14.53827912	11.26005291	13.22450264	11.32556022	11.25332156
Ranbp2	96.9710698	83.60458126	66.7439178	39.74136321	27.14503173	35.97530895	77.79470125
Edar	0.25057124	0.448281937	0.330415435	1.324712107	0	0.666209425	0.978549701
Grk5	6.514852234	7.62079293	14.53827912	7.948272642	9.048343909	11.65866494	5.871298208
Dvl3	38.83854217	50.20757695	77.97804257	47.68963585	24.36092591	15.9890262	33.27068984
Abcf3	34.32825985	43.03506596	45.26691454	49.01434796	57.07416928	62.29058123	54.30950842
Eif2b5	84.94365029	80.4666077	77.97804257	79.15154839	68.906619	55.62848698	59.20225693
Cyth2	75.42194317	164.9677528	182.3893199	181.1543806	185.4910501	115.9204399	101.2798941
Sult2b1	0.50114248	0	0.660830869	2.318246187	2.784105818	14.65660735	11.74259642
Car11	4.009139837	16.58643167	45.59732998	69.87856364	98.48774332	199.8628275	177.6067708
Dlgap1	0.25057124	3.362114528	20.48575695	23.5136399	34.80132273	143.2350264	277.4188403
Plag1	12.02741951	10.08634358	3.964985216	3.311780267	1.740066136	0.999314137	5.871298208
Hck	1.503427439	1.56898678	2.973738912	2.649424214	4.872185182	2.997942412	1.467824552
Mrpl4	62.14166747	64.55259894	58.48353193	68.55385153	66.47052641	94.26863363	87.09092341
Keap1	18.79284298	25.10378848	43.28442194	37.42311702	48.02582537	48.30018331	54.30950842
Ap1m2	3.758568597	0.896563874	1.982492608	3.642958294	1.740066136	0.999314137	0.978549701
Glg1	51.11653292	65.00088087	96.81172235	70.20974167	52.54999732	55.96159169	131.6149348
Atp8b3	1.002284959	1.56898678	3.304154346	2.318246187	3.132119046	1.33241885	0.489274851
Btbd2	55.12567275	76.2079293	91.19465996	88.75571117	69.25463223	66.62094249	76.81615155
Csnk1g2	113.0076291	110.9497794	99.12463039	106.9705026	121.1086031	165.8861468	166.8427241
Abhd17a	77.42651309	113.4153301	129.8532658	143.7312636	221.6844258	379.7393722	238.2768523
Mob3a	27.0616939	27.34519816	38.98902129	28.15013227	34.80132273	6.662094249	7.33912276
Cacnb3	40.34196961	115.2084578	189.6584595	191.0897214	156.2579391	157.2254243	204.5168876
Ccdc65	0.751713719	1.344845811	5.286646954	5.961204481	6.264238091	7.994513099	5.871298208
Fkbp11	12.02741951	3.362114528	4.29540065	7.617094615	3.8281455	2.997942412	3.424923954
Ddx23	61.38995375	71.05268702	51.21439237	61.930291	34.80132273	27.98079585	71.92340304
Pld3	20.54684166	48.86273114	93.17715257	130.8153206	232.4728358	554.2862415	427.1369446
Grik5	31.07083373	71.05268702	137.7832362	98.69105197	120.7605899	115.5873352	174.6711217
Cd79a	0.25057124	0.224140969	0	0.662356053	1.740066136	2.331732987	0.489274851
Rabac1	73.41737326	117.6740085	220.7175103	275.5401182	493.1347431	557.9503934	334.6639978
Etv3	12.02741951	13.22431714	16.85118717	14.24065515	8.004304228	11.65866494	17.61389462
Prkcsh	71.1622321	84.94942707	103.420031	92.72984749	93.61555814	63.62300008	68.98775394
Elavl3	24.5559815	134.7087221	286.1397664	223.8763461	197.3234999	65.95473307	110.5761162
Rab3b	4.760853556	11.4311894	58.15311649	60.93675692	112.7562856	81.94375927	78.2839761
St8sia6	0	0	0.330415435	0	0	0.666209425	0.489274851
Fcgrt	5.512567275	9.18977971	22.46824955	26.16306411	32.71324336	24.98285343	14.67824552
Nosip	31.32140497	34.29356819	42.62359107	47.0272798	49.06986505	48.96639273	37.6741635
Pih1d1	89.70450384	99.51859003	90.20341365	110.6134609	112.0602592	58.62642939	34.7385144
Rps11	2078.488434	1878.973739	1397.657288	1442.611484	1037.427431	493.9942886	550.434207
Supt5	81.43565293	87.6391187	99.45504582	105.3146125	88.74337296	72.61682732	116.4474145
Dll3	35.58111605	45.50061661	31.71988172	15.89654528	14.96456877	5.329675399	3.424923954
Paf1	46.10510812	49.08687211	69.05682584	50.00788204	52.20198409	31.31184297	51.86313417
Timm50	111.2536305	92.57022	59.80519367	64.24853719	87.35132005	42.6374032	33.27068984
Med29	63.64509491	49.08687211	43.61483737	48.68316993	41.06556082	58.29332468	57.73443238
Bicd1	1.503427439	1.120704843	2.312908042	2.980602241	0.696026455	1.998628275	2.935649104
Ncstn	27.0616939	42.36264305	47.57982259	43.05314348	30.97317723	25.98216757	44.03473656
Pex19	61.64052499	69.70784121	70.04807214	73.85269996	76.56291	73.94924617	46.97038566
Phyhip	1.503427439	1.344845811	4.956231519	5.630026455	22.27284655	320.1136287	438.879541
Crhr2	0.50114248	0.224140969	0.660830869	1.324712107	0.348013227	0	2.935649104
Inmt	2.004569918	0	0.660830869	0.331178027	0.348013227	1.998628275	5.382023357
Cyp4f18	0	0	0.660830869	0	0	0	0
Impdh1	18.54227174	23.31066073	39.64985216	42.39078742	65.0784735	54.96227756	40.12053775
Dusp3	6.765423474	8.069074867	20.15534151	26.16306411	23.31688623	105.9272986	208.9203612
Prodh	8.268850913	4.034537434	1.652077173	2.649424214	4.176158727	22.98422516	42.56691201
Ess2	20.29627042	26.67277526	29.07655825	24.50717398	26.44900527	20.65249217	13.69969582
Slc25a1	42.34653952	63.20775313	95.15964517	114.5875973	114.844365	55.62848698	40.12053775
Dgcr6	76.92537061	102.6565636	98.46379952	112.6005291	149.2976745	146.8991782	84.64454916
Ddr1	65.90023606	147.2606163	106.0633545	79.48272642	62.29436768	55.29538227	54.79878327
Ier3	2.505712398	4.482819371	6.938724127	8.610628695	8.004304228	15.32281677	11.25332156
Fosb	2.505712398	0	0	0.662356053	1.392052909	6.328989537	13.21042097
Klc4	24.05483902	36.75911884	29.73738912	25.16953003	21.92483332	20.65249217	20.54954373
Ercc1	43.59939572	42.81092499	36.34569781	43.3843215	30.27715077	18.32075919	34.24923954
Cyp17a1	0	0	0	0	0	0.333104712	0
As3mt	25.05712398	14.56916295	44.93649911	25.50070806	25.05695236	15.32281677	14.18897067
Homer3	70.15994714	67.91471346	34.3632052	36.42958294	29.23311109	16.98834034	29.35649104
Crtc1	10.77456331	22.86237879	57.49228563	44.37785558	35.49734918	38.30704193	92.96222162
Rnf215	14.28256067	24.2072246	35.35445151	34.11133675	51.15794441	23.31732987	22.50664313
Sec14l2	5.512567275	2.689691622	5.286646954	4.967670401	10.09238359	22.65112045	36.6956138
Aven	19.04341422	12.32775327	10.24287847	10.92887488	10.44039682	9.326931949	10.27477186
Cp	6.264280995	2.689691622	8.260385866	5.630026455	5.916224864	4.996570687	2.935649104
Crot	29.31683505	27.56933913	13.54703282	17.22125739	21.22880686	29.64631941	26.91011679
Rps6ka1	13.53084695	13.44845811	20.15534151	14.24065515	19.1407275	9.326931949	9.785497013
Calb2	2.004569918	23.31066073	49.56231519	94.05455959	148.6016481	81.61065455	9.785497013
Snrnp200	113.7593429	94.58748872	99.45504582	82.79450668	66.47052641	42.97050791	71.43412819
Ciao1	22.55141158	27.12105719	17.1816026	25.50070806	28.53708464	58.95953411	36.20633895
Has1	0	0	0.660830869	0.99353408	0.348013227	1.33241885	2.446374253
Taf6l	21.79969786	21.51753298	18.50326434	26.49424214	22.968873	9.993141374	15.65679522
Insig2	12.77913323	19.72440523	24.45074216	25.83188609	21.22880686	37.3077278	46.97038566
Kpna6	24.30541026	39.8970924	52.20563867	44.70903361	24.01291268	36.64151837	68.98775394
Man1a	5.512567275	3.810396465	16.85118717	13.5782991	11.4844365	34.97599481	33.27068984
Itpkc	6.264280995	10.75876649	11.56454021	14.24065515	14.96456877	5.329675399	3.914198805
Coq8b	10.27342083	17.25885458	17.51201804	19.20832555	18.79271427	20.98559689	20.06026888
Brd8	49.36253424	45.94889855	44.93649911	39.41018518	33.75728305	21.65180631	28.37794134
Kif20a	137.8141819	75.98378833	17.84243347	17.88361344	8.352317455	0.999314137	1.467824552
Farsa	63.39452367	68.13885443	65.75267149	81.13861655	90.13542587	41.97119377	47.45966051
Gcdh	16.03655935	14.56916295	9.912463039	15.56536726	15.312582	18.98696861	20.54954373
Mast2	28.06397886	52.6731276	104.0808619	89.41806722	55.68211637	32.97736653	76.3268767
Dnase2a	6.264280995	3.810396465	2.312908042	3.311780267	4.872185182	4.330361262	4.403473656
Rad23a	34.82940233	40.5695153	49.23189976	43.71549953	48.72185182	78.61271214	81.70890006
Calr	577.0655652	500.7309237	513.7960008	480.2081388	384.9026294	379.7393722	527.438289
Syce2	46.10510812	39.22466949	14.20786369	16.89007936	28.88509786	2.997942412	7.33912276
Nfat5	22.55141158	20.84511007	32.38071259	20.86421568	11.83244973	13.65729321	41.09908745
Nob1	72.16451706	56.70766504	40.64109846	45.37138966	43.50165341	31.9780524	27.39939164
Nqo1	2.756283638	2.913832591	5.617062389	5.298848428	6.264238091	1.998628275	2.446374253
Ppfia3	5.011424796	14.56916295	39.98026759	42.0596094	40.36953437	72.28372261	83.17672461
Gys1	15.53541687	14.79330392	17.1816026	13.90947712	11.83244973	5.662780112	15.16752037
Ruvbl2	135.5590407	125.5189424	96.81172235	98.69105197	92.22350523	39.9725655	40.6098126
Lin7b	0	1.120704843	11.56454021	15.89654528	46.63377246	227.1774139	128.1900109
Bax	129.2947597	128.208634	155.2952543	152.0107143	217.5082671	111.9231834	86.11237371
Tfam	86.44707773	61.41462538	33.04154346	39.07900715	33.40926982	41.30498435	26.91011679
Zfp81	4.510282316	9.862202615	4.29540065	3.974136321	3.132119046	0.333104712	0.978549701
Efnb3	59.88652631	116.7774446	218.0741869	189.4338313	243.9572723	99.26520431	94.43004617
Mmd	48.86139176	85.62184998	151.9910999	162.6084111	137.813238	180.8758589	294.5434601
Hlf	1.002284959	3.810396465	5.286646954	7.617094615	3.480132273	49.63260216	110.0868414
Fam162a	192.9398546	159.1400877	74.34347279	93.72338157	82.13112164	106.9266127	82.68744976
Rpl8	2067.964442	1606.418321	1271.108177	1354.518129	1286.604901	640.2272574	579.790698
Grm3	1.002284959	4.482819371	12.55578652	16.55890134	22.968873	26.98148171	37.18488865
Ssbp2	56.12795771	88.08740063	90.20341365	118.5617336	93.96357137	53.62985871	47.94893536
Fancl	30.56969125	20.17268717	10.24287847	7.948272642	11.13642327	4.663465975	3.914198805
Brinp2	0.50114248	8.293215836	23.12908042	28.15013227	30.97317723	51.63123043	50.88458447
Gstm5	215.9924087	232.8824663	150.0086073	165.5890134	233.5168755	453.022409	339.0674715
Gstm7	13.53084695	47.7420263	52.86646954	34.44251478	31.66920368	16.32213091	32.29214014
Gstm3	0	0	0	0	0	0	0
Stat3	11.27570579	19.27612329	34.03278977	23.84481792	20.88079364	19.98628275	31.31359044
Stat5a	1.503427439	1.120704843	2.312908042	1.98706816	2.436092591	0.333104712	0.978549701
Cavin1	14.78370315	22.18995588	35.02403607	45.04021164	16.70463491	7.661408387	13.69969582
Map3k11	26.30998018	20.6209691	14.86869456	13.90947712	13.92052909	9.993141374	20.54954373
Akt2	56.87967143	68.81127734	58.15311649	74.51505602	45.58973277	71.28440847	91.98367192
Dnaja3	24.30541026	31.82801753	27.75489651	41.39725334	36.19337564	61.29126709	64.09500543
Hmox2	77.92765557	65.00088087	78.30845801	73.85269996	95.00761105	108.925241	96.38714558
Cdip1	41.5948258	49.08687211	58.15311649	60.93675692	61.250328	105.9272986	106.6619174
Map3k20	9.271135872	7.62079293	7.599554996	7.617094615	2.436092591	2.997942412	3.424923954
Cwc15	139.3176093	152.1917176	103.420031	95.04809367	92.22350523	91.27069122	86.60164856
Col5a3	0.751713719	0.448281937	0.330415435	2.649424214	0.696026455	0	0.978549701
Dnmt1	92.96192996	89.88052838	89.21216735	79.81390444	43.84966664	18.32075919	30.33504074
Ppan	50.86596168	33.39700431	32.38071259	37.09193899	39.67350791	16.98834034	18.59244432
Angptl2	15.53541687	14.12088102	7.269139562	12.91594304	8.700330682	1.998628275	2.446374253
Cacna1b	1.503427439	7.62079293	29.07655825	23.84481792	17.74867459	13.99039792	20.06026888
Trmt10a	24.30541026	12.55189424	10.57329391	9.272984749	6.960264546	5.995884824	4.892748506
Etv1	5.011424796	13.22431714	17.1816026	16.22772331	14.61655555	49.29949744	74.85905215
Kifc2	1.002284959	4.706960339	25.44198847	30.46837846	55.33410314	205.1925029	219.6844079
Psap	106.2422057	166.9850216	322.8158796	353.6981326	587.7943409	922.7000535	1270.646787
Ikbkg	8.268850913	17.93127748	11.56454021	17.55243542	9.396357137	11.99176965	17.12461977
Pax2	0.751713719	0.224140969	12.55578652	4.305314348	2.088079364	0	0
Wars2	7.015994714	8.965638741	5.617062389	7.617094615	4.872185182	3.331047125	2.935649104
Atn1	44.85225192	81.36317158	161.903563	105.3146125	75.17085709	48.63328802	122.3187127
Phb2	227.2681145	195.0026426	173.4681032	181.8167367	241.5211797	136.2398274	77.79470125
Ptpn6	3.758568597	2.241409685	3.304154346	3.974136321	4.872185182	3.331047125	5.871298208
Eno2	1.753998678	11.4311894	57.49228563	60.27440087	124.9367486	512.9812572	516.1849674
Emg1	197.4501369	130.6741847	80.62136605	80.14508247	61.250328	38.64014665	46.48111081
Lpcat3	7.266565954	7.396651962	9.582047604	10.26651883	13.92052909	8.993827237	5.871298208
Atp6v1f	142.3244642	197.2440523	197.2580145	229.8375506	276.3225025	431.0374979	273.9939164
Il12b	0	0	0	0	0	0.333104712	0
Clcn5	26.56055142	16.13814973	17.51201804	16.22772331	11.4844365	4.663465975	6.360573058
Clcn3	31.32140497	51.55242276	75.66513453	74.18387799	64.73046028	55.96159169	139.9326073
Hif3a	2.505712398	3.810396465	7.269139562	6.954738561	3.132119046	0.666209425	3.424923954
Gpx6	0	0.224140969	0.330415435	0	0.696026455	0.333104712	1.467824552
Pde1c	2.004569918	1.120704843	2.312908042	2.649424214	3.8281455	0.999314137	2.446374253
Utp20	25.55826646	12.32775327	14.20786369	9.604162775	4.872185182	5.329675399	6.360573058
Spic	0.25057124	0.224140969	0.330415435	0	0.348013227	0.666209425	0.489274851
9330159F19Rik	0	1.120704843	2.312908042	1.98706816	1.740066136	1.33241885	0.978549701
Cul3	72.91623078	86.51841385	98.46379952	93.39220354	65.0784735	47.63397388	71.92340304
Sst	8.268850913	83.60458126	209.4833856	181.8167367	217.1602538	486.6659849	461.875459
Il11	0	0	0	0	0.348013227	0	0
Large1	14.28256067	25.55207041	57.16187019	60.93675692	44.89370632	69.28578019	109.1082917
Ddx56	35.33054481	31.15559463	31.71988172	33.78015873	40.36953437	31.9780524	31.80286529
Tmed4	43.84996696	50.43171792	41.9627602	46.03374572	43.15364018	59.95884824	51.86313417
Col26a1	50.61539044	26.22449332	37.66735955	35.10487083	45.58973277	5.995884824	3.424923954
Bid	11.02513455	9.413920678	27.09406564	33.11780267	35.84536241	15.65592149	15.65679522
Ralb	47.10739308	39.22466949	36.01528237	43.71549953	40.71754759	18.32075919	20.54954373
Ppp1cc	337.51946	322.9871357	191.3105367	258.6500389	253.3536295	216.8511678	171.2461977
Dnajb11	33.82711737	38.55224659	42.62359107	39.74136321	39.32549468	40.63877492	37.18488865
Tbccd1	16.53770183	9.862202615	15.85994086	10.59769686	7.308277773	7.994513099	12.72114612
Clec11a	1.503427439	2.913832591	1.652077173	6.623560535	5.916224864	7.994513099	5.382023357
Zfp324	4.760853556	8.069074867	10.90370934	11.26005291	11.83244973	5.329675399	4.403473656
Gab2	4.259711076	8.293215836	22.13783412	17.55243542	12.87648941	4.663465975	4.403473656
Coro1c	103.9870645	160.2607925	160.9123167	160.621343	122.1526428	35.97530895	50.39530962
Tax1bp1	81.43565293	89.88052838	82.27344322	82.13215063	59.85827509	68.28646606	89.04802282
Psg17	0	0	0	0.331178027	0	0	0
Ctse	3.006854877	0.448281937	7.929970431	1.324712107	0.348013227	0.333104712	0
Ndrg2	8.018279673	33.84528625	132.4965893	160.621343	277.7145554	583.2663515	694.7702879
Mettl17	20.54684166	23.5348017	26.76365021	26.16306411	28.88509786	12.65797907	15.16752037
Arhgef40	31.57197621	30.25903075	37.66735955	28.4813103	25.75297882	7.328303674	7.33912276
Pnpla6	9.772278352	15.91400877	30.39821999	23.18246187	28.53708464	19.32007332	29.84576589
Mcoln1	16.78827307	21.51753298	38.32819042	37.42311702	33.75728305	43.63671733	57.73443238
Arhgef18	10.27342083	15.24158586	22.46824955	22.85128384	17.74867459	14.65660735	29.84576589
Pkn2	62.14166747	42.36264305	34.3632052	28.81248833	18.09668782	11.32556022	16.63534492
Cd33	0.25057124	0.224140969	0.991246304	0.331178027	1.392052909	1.665523562	0.489274851
Etfb	152.8484563	104.8979733	79.63011975	82.13215063	76.56291	77.613398	61.15935633
Nkg7	0	0.224140969	0.330415435	0	0	0	0
Stxbp2	18.04112926	11.65533036	7.929970431	11.26005291	8.352317455	7.661408387	12.23187127
Pcp2	0	0	2.312908042	8.279450668	10.78841005	0.333104712	0
Sgce	34.07768861	38.32810562	35.68486694	35.76722689	23.31688623	29.97942412	23.48519283
Chn2	3.507997357	15.46572683	23.12908042	18.5459695	24.70893914	32.31115711	31.31359044
Wwox	3.257426117	1.793127748	2.973738912	2.980602241	1.740066136	1.665523562	1.467824552
Slbp	212.2338401	116.5533036	74.34347279	68.22267351	48.72185182	39.63946078	38.6527132
Ghrhr	0	0	0	0.331178027	0	0	0
Aqp1	2.004569918	4.034537434	17.84243347	20.86421568	14.96456877	6.328989537	1.957099403
Arid3b	27.56283638	13.00017617	11.89495565	7.285916588	2.784105818	3.664151837	6.360573058
Cnn2	219.5004061	49.98343598	28.41572738	29.47484438	16.35662168	10.6593508	2.446374253
Polr2e	153.3495987	98.62202615	89.54258278	94.71691565	117.6284708	109.5914504	105.6833677
Abca13	0	0	0.330415435	0.331178027	0	0	0.489274851
Myo9b	19.79512794	20.17268717	31.05905086	29.14366635	15.312582	4.663465975	24.46374253
Hdac9	6.264280995	7.172510993	8.260385866	9.272984749	10.09238359	21.98491102	29.35649104
Ly9	0	0	0.330415435	0	0.348013227	0	0.489274851
Adgre1	1.002284959	4.258678402	4.29540065	4.305314348	4.176158727	4.330361262	3.424923954
Mtfp1	3.006854877	3.362114528	6.277893258	7.617094615	11.4844365	125.9135813	82.68744976
Rab23	17.28941555	17.48299555	22.13783412	25.16953003	21.22880686	13.99039792	13.21042097
Rab11a	100.7296384	137.8466956	153.6431771	172.2125739	179.5748253	123.914953	109.1082917
Eif2b2	62.14166747	73.51823768	57.16187019	63.58618113	69.25463223	73.28303674	53.33095872
Dlst	101.4813521	95.93233453	106.39377	109.9511049	107.188074	99.59830903	94.91932102
Pgf	2.255141158	4.258678402	4.29540065	7.285916588	6.264238091	4.330361262	2.935649104
Ulk2	20.04569918	35.19013206	75.66513453	78.48919234	69.25463223	39.63946078	50.39530962
Ccl24	0.751713719	1.56898678	1.321661739	1.324712107	0	0.999314137	0.978549701
Dgkq	6.514852234	11.65533036	22.46824955	21.19539371	16.35662168	15.65592149	21.03881858
Grap	3.758568597	3.137973559	7.269139562	5.630026455	6.264238091	5.329675399	2.446374253
Chmp2b	35.33054481	33.39700431	87.22967474	82.46332866	106.8400608	78.94581685	55.28805812
Plod3	25.8088377	22.18995588	30.39821999	31.46191254	34.10529627	16.65523562	17.12461977
Ap1s1	135.809612	163.1746251	176.1114267	187.7779412	293.0271374	390.7318277	314.1144541
Mapk13	1.753998678	0.448281937	0.330415435	0.331178027	0.696026455	0.666209425	0.978549701
Srpk1	55.37624399	56.2593831	61.12685541	51.9949502	35.49734918	22.65112045	55.77733297
Pax3	10.02284959	10.53462552	6.277893258	2.980602241	1.740066136	0	0
Lbr	125.5361911	71.05268702	24.45074216	31.13073451	10.78841005	9.660036662	13.21042097
Crabp2	402.6679823	104.4496913	30.72863542	18.21479147	17.74867459	4.330361262	1.957099403
Nes	252.3252385	236.2445808	100.1158767	59.94322284	19.48874073	1.998628275	2.935649104
Bcan	0.25057124	2.241409685	38.32819042	53.98201836	115.1923782	119.5845918	176.1389462
Hapln2	0	0	0	0	0	1.33241885	2.446374253
Prcc	61.38995375	77.10449317	82.93427409	75.83976812	82.13112164	45.3022409	55.77733297
Mettl25b	10.02284959	11.87947133	19.82492608	17.88361344	17.74867459	10.32624609	19.57099403
Hdgf	272.3709376	261.5725103	199.2405071	188.4402972	187.5791295	139.5708745	149.2288294
Slc25a18	0	0.896563874	6.938724127	10.26651883	25.40496559	73.61614145	44.03473656
Thop1	81.18508169	54.24211438	40.64109846	58.94968876	59.16224864	59.29263882	39.6312629
Apba3	15.78598811	15.91400877	20.15534151	23.5136399	26.10099205	15.32281677	19.57099403
Matk	0.25057124	1.344845811	8.921216735	23.18246187	48.72185182	145.8998641	168.3105486
Pias4	25.05712398	36.75911884	35.35445151	29.47484438	28.53708464	21.98491102	19.57099403
Map2k1	54.12338779	41.69022015	45.59732998	55.30673046	69.95065868	251.1609532	240.2339517
Sgta	103.485922	152.6399996	180.7372427	199.0379941	220.6403861	151.8957489	138.9540576
Nmrk2	0	0	0.660830869	0	0	0	0
Tmem242	145.5818903	105.1221142	100.7767076	99.02222999	135.3771454	154.5605866	68.49847909
Dtx2	19.5445567	19.9485462	19.82492608	18.5459695	17.40066136	7.994513099	4.892748506
Zp3	0.50114248	0	0	0.331178027	0.348013227	0	0
Hspb1	20.04569918	11.20704843	10.90370934	9.272984749	10.44039682	16.32213091	14.18897067
Rasa4	1.002284959	5.155242276	6.277893258	8.941806722	11.83244973	2.997942412	2.446374253
Syt5	5.011424796	38.77638756	95.82047604	126.1788282	218.2042935	207.8573406	177.6067708
Hnrnpa2b1	1120.805156	976.133918	746.7388823	613.3417055	325.0443543	176.2123929	278.8866649
Fxyd4	0	0	0	0	0	0	0
Yju2b	8.519422153	8.069074867	10.90370934	8.279450668	5.220198409	12.32487436	11.25332156
Mri1	19.29398546	13.22431714	8.5908013	8.279450668	14.61655555	7.661408387	5.871298208
Prkacb	55.37624399	103.1048455	216.7525251	257.6565048	265.5340924	342.4316444	365.9775883
Sgsh	1.503427439	1.793127748	3.304154346	1.655890134	1.740066136	1.998628275	1.467824552
Chd5	0.25057124	9.862202615	66.41350236	51.00141612	50.46191796	40.63877492	107.6404671
Cstb	99.97792467	88.98396451	65.75267149	86.43746498	96.05165073	113.2556022	74.85905215
Sh2b2	13.78141819	19.72440523	36.34569781	40.40371926	36.54138887	4.996570687	5.871298208
Pex5	23.80426778	45.50061661	55.50979302	50.67023809	46.63377246	34.30978538	37.18488865
Jkamp	41.34425456	52.89726857	71.03931845	63.25500311	57.77019573	70.95130376	61.64863118
Cd44	2.756283638	2.017268717	2.643323477	2.980602241	2.088079364	2.997942412	2.446374253
Slc1a2	15.03427439	49.53515405	88.88175192	42.72196545	36.88940209	514.9798855	1225.633501
Eif2ak4	15.03427439	13.22431714	13.21661739	14.24065515	9.048343909	9.993141374	10.76404671
Wdr1	72.91623078	59.39735666	92.18590626	94.05455959	77.60694968	54.29606813	118.8937887
Slc2a9	0	0.224140969	0.330415435	0	0.696026455	0	0.489274851
Ccn4	2.756283638	1.793127748	1.652077173	3.642958294	1.044039682	0.666209425	0.978549701
Ndrg1	5.011424796	3.137973559	19.16409521	66.23560535	55.68211637	68.28646606	126.7221863
4930550C14Rik	0	0	0	0.331178027	0	0.333104712	0
Man2b1	10.77456331	10.53462552	19.82492608	10.92887488	13.92052909	22.98422516	26.91011679
Klf5	2.756283638	1.120704843	3.634569781	7.617094615	4.176158727	5.995884824	15.16752037
Wdr83	29.81797753	28.91418494	37.33694411	35.76722689	28.88509786	28.64700527	27.88866649
Prdx2	1195.475385	1394.829247	1161.740668	1028.307773	952.1641899	511.3157336	334.6639978
Polr2a	80.68393921	58.94907472	73.68264192	37.75429505	21.92483332	17.98765447	33.27068984
Shbg	0.25057124	0	0	0	0	0.333104712	0
Senp3	91.959645	88.53568257	79.29970431	82.79450668	95.35562428	54.96227756	74.3697773
Corin	2.756283638	1.120704843	0.991246304	1.655890134	0.696026455	0	0
Plekha8	24.80655274	21.06925104	20.81617238	12.91594304	7.308277773	6.662094249	9.296222162
Spc25	142.5750354	105.1221142	18.83367977	20.20185963	9.744370364	1.33241885	2.446374253
Dnah2	0	0	3.964985216	2.980602241	2.436092591	0	0.978549701
Ripk4	1.753998678	0.224140969	0.991246304	2.649424214	0.348013227	0.999314137	0.489274851
Ufd1	56.12795771	54.69039632	69.05682584	72.19680983	56.03012959	60.62505767	58.22370723
Zfp287	6.013709755	8.741497773	13.87744825	10.92887488	9.744370364	8.327617812	6.360573058
Prlr	0	0	0.660830869	1.324712107	1.392052909	0.999314137	2.446374253
Letm1	37.33511473	37.87982368	55.50979302	56.30026455	61.94635446	62.95679066	52.35240902
Ubqln1	92.46078748	114.5360349	144.3915449	149.6924681	125.2847618	114.5880211	151.6752037
Fgfr4	0.25057124	0.672422906	1.652077173	1.655890134	0.696026455	0	0.489274851
Cadm3	4.009139837	23.75894266	103.7504465	64.24853719	96.05165073	79.27892157	107.6404671
Fcer1a	0	0	0	0	0	0	0
Txn2	144.0784629	136.0535679	124.5666189	137.4388811	142.33741	207.8573406	163.907075
Casp14	0	0	0	0	0	0	0
Slc1a6	2.255141158	3.586255496	20.81617238	21.52657174	38.97748146	10.6593508	3.914198805
Slc1a3	16.28713059	51.77656373	140.0961443	152.6730703	203.587738	233.1732987	330.2605242
Crbn	21.79969786	34.51770915	26.76365021	31.46191254	35.49734918	54.29606813	55.77733297
Msh6	84.69307905	58.72493376	33.04154346	32.45544662	17.74867459	8.327617812	9.785497013
Fbxo11	56.62910019	102.4324226	114.9845713	100.3469421	63.68642059	55.29538227	100.3013444
Mlxipl	0.50114248	0.896563874	0.330415435	0.331178027	0	0.999314137	1.467824552
Tbl2	11.02513455	12.1036123	10.57329391	11.26005291	10.09238359	9.660036662	12.72114612
Bud23	76.92537061	55.5869602	40.64109846	39.74136321	45.58973277	41.97119377	35.7170641
Nid1	45.85453688	31.15559463	71.70014931	45.37138966	29.58112432	1.998628275	2.446374253
Mcm5	255.0815221	122.1568278	37.33694411	36.09840491	28.88509786	7.661408387	12.23187127
Hmox1	15.78598811	8.293215836	9.25163217	7.948272642	8.700330682	1.998628275	3.914198805
Mprip	100.9802096	146.3640525	159.5906549	174.1996421	124.9367486	81.61065455	139.4433324
Cic	36.08225853	53.12140954	88.55133648	65.24207127	73.77880418	40.63877492	73.88050245
Pafah1b3	171.8918705	396.7295143	435.4875428	459.0127451	463.2056055	25.31595815	16.14607007
Il27ra	0.25057124	0.448281937	0.330415435	0.99353408	0.696026455	0.333104712	0.489274851
Prkaca	73.16680202	97.94960325	170.4943643	120.5488017	115.8884047	116.2535447	149.2288294
Asf1b	59.38538383	31.60387656	7.599554996	8.279450668	3.8281455	1.33241885	0.489274851
Myl10	0	0	0	0	0.348013227	0.333104712	0
Ddx39a	138.5658956	82.48387642	48.90148433	42.0596094	43.84966664	15.65592149	18.10316947
Dnajb1	71.41280334	44.82819371	56.83145476	51.9949502	34.10529627	52.96364928	45.99183596
Msh4	0	0	0	0	0	0	0
Usp40	13.53084695	11.65533036	7.929970431	9.604162775	4.176158727	0.333104712	7.82839761
Evx1	0.25057124	0.896563874	6.938724127	1.655890134	1.392052909	0	0
Kbtbd4	48.86139176	45.50061661	54.84896215	45.37138966	49.41787827	40.97187963	30.33504074
Celf1	158.3610235	166.7608806	139.7657288	128.8282524	71.34271159	56.29469641	119.8723384
Ndufs3	140.3198943	146.1399115	162.5643938	179.8296685	221.6844258	289.1348904	211.8560103
Por	38.58797093	61.19048441	74.67388823	58.61851073	73.77880418	47.30086917	72.90195274
Igf1r	34.32825985	41.69022015	69.38724127	38.08547307	18.44470105	12.32487436	33.75996469
Insr	6.264280995	15.24158586	26.43323477	14.24065515	6.264238091	3.99725655	17.12461977
Fcer2a	0	0	0	0	0	0.333104712	0
Cyp2a5	0	0.224140969	1.321661739	0.331178027	0.696026455	0.666209425	0.489274851
Atp4a	0.751713719	0.672422906	1.321661739	1.655890134	2.784105818	0.666209425	0
Trim28	509.6619017	451.8681926	347.5970372	318.9244397	246.3933649	83.60928283	113.0224905
Ube2m	135.3084695	150.6227309	177.4330884	176.8490663	183.750984	182.8744871	140.911157
Adcy9	0.751713719	4.258678402	8.921216735	13.24712107	12.18046296	24.64974872	62.62718088
Mef2c	6.013709755	10.53462552	13.21661739	64.57971521	46.63377246	185.8724296	312.6466296
Ctr9	52.11881788	70.38026412	79.96053518	77.49565826	64.38244705	31.64494768	37.6741635
Eif4g2	991.7609671	1106.359821	1023.627016	912.0642856	713.7751292	309.7873826	353.2564422
Irag1	0.751713719	0.224140969	0.660830869	0.331178027	0.696026455	1.33241885	0.489274851
Pcyt1a	34.57883109	33.62114528	50.88397693	41.39725334	37.23741532	18.98696861	27.39939164
Zfp592	8.268850913	10.08634358	14.20786369	12.91594304	9.048343909	7.328303674	13.69969582
Psmd4	193.4409971	179.9851977	152.9823462	173.206108	167.7423756	167.2185657	123.2972624
Tmod4	0.25057124	0.896563874	1.321661739	0.331178027	0.348013227	0	0.489274851
Insrr	0	1.56898678	0.991246304	0.331178027	0.348013227	0	0
Snx6	166.3793032	144.1226428	100.4462921	100.3469421	77.95496291	52.63054457	43.05618686
Mthfd2	26.56055142	12.55189424	14.86869456	15.23418923	13.92052909	3.99725655	2.935649104
Kit	11.77684827	18.60370039	51.87522324	41.06607532	32.01721691	15.32281677	22.99591798
Tomm40l	15.03427439	22.86237879	20.81617238	30.79955649	28.18907141	59.95884824	50.88458447
Nr1i3	0	0	0	0	0	0	0
Apoa2	1.252856199	0.672422906	1.321661739	5.630026455	16.70463491	1.998628275	5.871298208
Pan2	26.56055142	26.89691622	16.85118717	16.22772331	12.87648941	5.995884824	10.76404671
Cs	151.0944576	158.9159467	205.5184003	201.6874183	190.7112486	129.2446284	207.9418115
Ampd3	1.252856199	2.241409685	6.608308693	10.59769686	12.18046296	9.660036662	10.76404671
Bcas2	90.7067888	86.74255482	93.507568	79.81390444	80.04304228	55.29538227	48.92748506
Sh2d1a	0	0.448281937	0	0.331178027	0	0.333104712	0
Ctcf	99.22621095	101.3117178	82.93427409	71.8656318	48.72185182	25.64906286	52.35240902
Pard6a	11.77684827	24.43136557	31.71988172	38.4166511	52.20198409	74.61545559	29.84576589
Agrp	0.50114248	0.448281937	0	0.331178027	1.392052909	0.333104712	0
Pvalb	0	0.448281937	4.29540065	2.649424214	3.480132273	140.5701887	102.2584438
Tfap4	23.3031253	17.93127748	13.21661739	13.5782991	4.176158727	2.6648377	6.360573058
Ranbp1	610.8926826	404.7985892	236.9078666	189.7650093	171.5705211	91.60379593	101.2798941
Cd247	1.002284959	0.448281937	0.330415435	0.99353408	0	0.666209425	0.489274851
Rfx5	10.02284959	10.98290746	10.57329391	11.26005291	12.18046296	10.6593508	12.23187127
Psmb4	414.4448306	450.7474877	354.5357614	435.1679271	507.7512986	429.7050791	250.9979984
Mmp8	0	0.224140969	1.652077173	0	0	0	0
Slc30a4	17.03884431	20.39682814	23.12908042	29.47484438	32.71324336	44.96913618	52.35240902
Sqor	4.259711076	5.379383245	3.304154346	2.649424214	3.8281455	8.660722524	6.849847909
Bloc1s6	40.09139837	45.50061661	52.53605411	50.67023809	58.46622218	32.31115711	24.46374253
Metap1	47.8591068	39.00052852	45.26691454	51.00141612	49.41787827	33.97668067	40.6098126
Gpr108	13.02970447	11.65533036	10.90370934	15.89654528	14.26854232	20.31938746	30.33504074
Tnfsf14	0.25057124	0	0	0	0	0	0
Gata6	1.753998678	1.344845811	1.982492608	0	0.348013227	0.333104712	0
Rsl1d1	133.5544708	98.39788519	72.36098018	61.59911297	56.03012959	28.98010998	37.18488865
Apc	21.79969786	29.81074881	39.98026759	37.09193899	28.53708464	22.98422516	39.14198805
Reep5	58.13252763	90.77709226	257.0632081	339.1262994	422.4880579	379.4062675	376.2523601
Ergic3	88.2010764	124.1740966	168.5118717	205.6615546	241.5211797	185.5393248	116.4474145
Uqcc1	24.80655274	30.93145366	19.16409521	32.78662465	30.97317723	44.96913618	47.45966051
Spo11	0.25057124	0.224140969	0	0.331178027	0.696026455	0.333104712	0.489274851
Ncoa2	27.31226514	31.15559463	44.60608368	37.75429505	21.92483332	24.98285343	45.50256111
Trh	17.79055802	2.689691622	4.29540065	2.318246187	12.18046296	4.996570687	0.489274851
Nr2c2	35.83168729	63.43189409	77.64762714	64.57971521	42.45761373	33.31047125	64.58428028
Nr2c1	8.769993392	9.862202615	13.54703282	8.279450668	4.524171955	2.6648377	11.25332156
Smpd4	29.81797753	28.69004397	31.38946629	27.81895425	20.88079364	9.993141374	30.82431559
Pex1	4.510282316	7.844933899	15.52952543	11.59123094	8.700330682	9.993141374	13.21042097
Otx1	36.08225853	44.82819371	19.49451064	12.25358699	4.524171955	1.998628275	3.914198805
Kctd20	54.87510151	71.50096896	66.41350236	67.22913943	55.33410314	37.97393722	46.97038566
Itgae	0.25057124	0	0	0	0.696026455	1.665523562	0
Ctns	8.018279673	10.75876649	11.56454021	10.92887488	4.872185182	3.664151837	16.14607007
P2rx5	0	0.896563874	0.660830869	1.655890134	0.696026455	1.665523562	0.489274851
Shpk	0.751713719	0.896563874	2.973738912	1.98706816	2.784105818	3.331047125	3.914198805
Ephb3	13.02970447	17.48299555	21.80741869	9.935340802	9.048343909	9.993141374	18.10316947
Tuft1	3.758568597	2.241409685	4.956231519	6.292382508	7.308277773	2.6648377	3.914198805
Rcn1	126.5384761	84.0528632	52.53605411	66.23560535	46.63377246	28.64700527	12.23187127
Dnase1	0	0	0	0	0	0.999314137	1.467824552
Trap1	80.93451045	58.27665182	38.32819042	43.05314348	55.68211637	73.28303674	62.62718088
Naa60	28.3145501	49.75929501	73.68264192	69.21620759	72.03873805	104.261775	87.58019826
1700037C18Rik	2.004569918	5.379383245	8.260385866	11.26005291	11.4844365	9.660036662	6.849847909
Ankrd13d	5.261996035	6.500088087	34.69362064	34.11133675	55.68211637	53.29675399	46.97038566
Tpr	89.4539326	80.91488964	82.27344322	66.8979614	45.24171955	26.648377	47.94893536
Odr4	18.2917005	25.77621138	25.11157303	25.83188609	29.58112432	33.31047125	36.6956138
Prg4	0	0	0	0	0.348013227	1.665523562	1.467824552
Dhx34	7.767708433	8.517356804	9.582047604	8.279450668	8.352317455	3.99725655	3.424923954
Kptn	11.02513455	16.13814973	20.48575695	25.83188609	29.23311109	28.31390056	18.59244432
Napa	53.37167407	69.93198218	95.82047604	101.6716542	120.7605899	238.5029741	292.5863607
Sra1	60.63824003	51.55242276	57.82270106	51.00141612	45.58973277	60.29195296	53.82023357
Calcoco2	0	0	0	0	0	0	0
Atp5mc1	307.7014825	240.2791183	418.3059402	438.4797074	516.7996425	743.4897182	452.5792368
Snf8	75.17137194	83.38044029	104.0808619	104.9834345	100.5758227	116.5866494	119.8723384
Tbcb	140.5704655	190.9681052	235.9166203	266.9294895	345.9251479	207.8573406	108.129742
Inpp5k	10.52399207	17.70713651	26.76365021	33.11780267	30.27715077	19.98628275	31.31359044
Crkl	40.84311208	64.55259894	50.22314606	44.70903361	31.66920368	15.9890262	20.54954373
Upk3bl	1.503427439	0.896563874	0.330415435	0.331178027	0.348013227	0.333104712	0.489274851
Eps8l1	0.25057124	0.224140969	0.660830869	0.662356053	1.392052909	0.999314137	0.978549701
Clint1	72.4150883	67.6905725	54.18813128	59.28086679	48.72185182	39.30635607	52.84168387
Prss16	0.25057124	0	0	0	0	0.999314137	0.978549701
Cdkal1	17.03884431	20.84511007	12.22537108	16.22772331	11.13642327	8.327617812	15.65679522
Rhox6	0	0.224140969	0	0	0	0	0
Cdcp3	0	0	0	0	0	0	0
Htra1	0.50114248	5.603524213	12.22537108	27.81895425	32.71324336	188.870372	163.907075
Zbtb17	35.33054481	44.82819371	35.35445151	31.79309057	28.88509786	25.98216757	25.93156708
Clcnkb	0	0	0.330415435	0	1.044039682	1.998628275	0
Fam131c	0.751713719	4.482819371	50.88397693	48.68316993	78.99900259	5.995884824	4.892748506
Fblim1	19.5445567	14.12088102	40.64109846	26.49424214	22.27284655	0.333104712	0
Hspb7	4.009139837	0	6.608308693	0	1.044039682	0	0
Epor	8.519422153	0.448281937	2.973738912	1.98706816	1.740066136	6.995198962	14.67824552
Ccdc159	0.50114248	1.344845811	0	1.324712107	0.696026455	3.99725655	4.892748506
Mob1b	28.3145501	32.27629947	33.3719589	26.82542017	14.61655555	11.32556022	33.27068984
Atp6v1b1	0	0	0	0	0	0	0
Vax1	2.004569918	11.87947133	8.5908013	3.311780267	3.480132273	0.333104712	0.978549701
Atp6v1b2	90.20564632	99.29444906	156.616916	161.9460551	184.4470105	444.0285817	529.3953884
Eps15l1	38.08682845	39.67295143	51.21439237	39.74136321	39.67350791	19.98628275	25.93156708
Tep1	4.510282316	3.137973559	4.29540065	1.98706816	0.696026455	1.998628275	0.978549701
Ttc5	58.13252763	95.93233453	75.66513453	71.20327575	67.16655287	36.97462308	32.29214014
Osgep	60.88881127	47.96616727	42.29317563	40.73489729	40.71754759	33.97668067	35.7170641
Aamp	132.0510434	121.7085459	128.5316041	140.0883053	153.12582	152.5619583	128.1900109
Tmbim1	5.512567275	4.258678402	5.617062389	7.948272642	8.352317455	36.64151837	38.6527132
Arpc2	234.7852517	254.3999993	273.2535644	281.1701447	281.1946876	262.4865134	323.8999511
Kmt2b	26.05940894	27.7934801	36.67611324	26.49424214	26.10099205	8.993827237	20.54954373
Zbtb32	0	0.224140969	0	0	0	0.333104712	0
Etv2	0.25057124	0	0	0	0	0	0
Upk1a	0.25057124	0.224140969	0.330415435	1.324712107	0.696026455	0.333104712	0
Tmem147	82.18736665	94.13920678	124.2362034	130.1529645	171.5705211	169.8834034	128.6792857
Rps9	2288.968275	2127.097791	1558.900021	1673.111391	1437.294629	726.5013779	451.1114123
Tfpt	24.30541026	26.67277526	33.70237433	36.76076097	31.32119046	26.648377	45.99183596
Susd2	1.002284959	0.672422906	0.991246304	2.318246187	3.480132273	0.999314137	3.914198805
Ggt5	0.25057124	1.120704843	3.634569781	1.324712107	2.784105818	0.999314137	1.467824552
Ggt1	2.505712398	0.448281937	2.312908042	1.324712107	1.044039682	1.665523562	1.957099403
Crip2	81.93679541	146.1399115	212.7875399	228.1816604	249.8734972	171.8820316	146.2931803
Crip1	48.10967804	28.91418494	19.82492608	27.15659819	16.00860846	23.9835393	16.63534492
Cbfa2t3	1.503427439	19.72440523	46.58857628	18.21479147	11.13642327	8.660722524	21.03881858
Fbln1	90.45621756	46.62132145	37.66735955	41.39725334	27.84105818	6.995198962	14.18897067
Pgrmc1	214.9901237	334.1941841	415.9930322	425.2325863	524.1079203	352.4247858	253.4443726
Gcat	62.64280995	31.15559463	9.912463039	19.53950358	17.74867459	26.98148171	19.57099403
Tek	9.271135872	7.844933899	14.20786369	9.604162775	9.396357137	6.662094249	6.849847909
Mpl	0.25057124	0	0	0	0	0	0.489274851
Elovl1	26.30998018	16.13814973	20.81617238	19.8706816	16.70463491	47.30086917	30.33504074
Med8	79.93222549	70.60440509	56.50103932	52.32612822	35.84536241	23.65043459	32.29214014
Hyi	8.519422153	8.741497773	20.48575695	22.85128384	41.76158727	22.65112045	11.74259642
Cdc20	127.0396186	90.10466935	27.42448107	21.85774976	18.44470105	0.333104712	0.978549701
Adamts4	2.505712398	1.793127748	1.652077173	1.98706816	2.088079364	10.6593508	4.892748506
Nectin4	0.751713719	0.672422906	2.973738912	1.655890134	1.392052909	3.331047125	3.424923954
Pfdn2	129.545331	144.1226428	164.8773019	138.4324152	124.2407221	108.5921363	141.8897067
Rnf114	64.8979511	87.86325966	83.59510496	68.88502956	63.68642059	73.28303674	61.15935633
Steep1	33.07540365	30.93145366	23.45949586	25.83188609	20.53278041	32.31115711	49.41675991
Neurl1a	4.259711076	10.08634358	24.12032673	23.84481792	33.06125659	75.61476973	133.0827594
Srm	114.0099141	96.82889841	108.0458471	137.4388811	136.0731719	101.2638326	79.75180065
Epha2	4.760853556	4.258678402	2.973738912	3.311780267	1.044039682	0.333104712	1.957099403
Rbm14	75.42194317	62.31118925	52.53605411	42.39078742	29.23311109	14.65660735	23.97446768
Actn3	14.53313191	5.155242276	9.582047604	4.636492374	7.308277773	13.3241885	6.360573058
A530013C23Rik	0	0	0	0	0	0	0
Zdhhc24	7.767708433	8.741497773	13.21661739	15.23418923	10.44039682	13.65729321	20.06026888
Slc34a3	0	0	0	0	0	0	0.489274851
Ndor1	13.78141819	12.1036123	13.21661739	9.272984749	9.048343909	7.328303674	8.806947311
Nsmf	22.30084034	53.56969148	69.38724127	97.03516183	167.7423756	453.022409	513.7385932
Pdk1	25.30769522	18.15541845	17.51201804	26.82542017	21.22880686	24.31664401	48.92748506
Ptbp1	213.4866963	115.6567398	64.10059432	62.26146903	31.66920368	12.99108379	16.14607007
Mvd	34.82940233	32.0521585	50.5535615	57.29379863	69.95065868	39.63946078	20.06026888
Cyba	39.59025589	25.77621138	25.11157303	24.17599595	28.53708464	25.98216757	16.14607007
Itih3	0	0	1.321661739	2.980602241	9.048343909	27.31458642	23.48519283
Stimate	9.020564632	8.069074867	13.54703282	13.24712107	8.700330682	9.660036662	11.74259642
Sfmbt1	11.27570579	12.55189424	12.22537108	8.941806722	5.220198409	4.663465975	11.25332156
Itih1	0	0	0	0	1.044039682	0	0
Ihh	0	0	0.330415435	0	0.348013227	0.666209425	0.489274851
Atp7b	2.004569918	2.465550654	3.304154346	4.305314348	2.088079364	0	0.489274851
Defb2	0	0	0	0.331178027	0.348013227	0	0
Slc4a1	55.37624399	9.638061647	22.46824955	3.311780267	2.784105818	1.665523562	0
Rundc3a	28.81569258	151.5192947	207.8313084	220.8957438	252.3095898	401.3911785	415.883623
Slc4a3	7.517137194	17.48299555	49.89273063	53.98201836	60.55430155	61.62437181	74.3697773
Cdt1	52.11881788	32.50044044	12.55578652	10.26651883	5.916224864	1.33241885	2.935649104
Runx1t1	10.52399207	38.55224659	119.2799719	67.56031745	25.75297882	8.993827237	12.72114612
Snai3	0	0.224140969	0	0	0	0.666209425	0.978549701
Aprt	199.7052781	126.1913653	92.5163217	119.5552677	139.9013174	82.60996869	71.92340304
Gtf2h1	39.84082713	42.58678402	39.31943672	39.74136321	36.54138887	41.63808906	35.7170641
Hfe	1.753998678	1.120704843	2.973738912	4.967670401	3.132119046	3.99725655	3.424923954
Abhd1	0.25057124	1.120704843	1.982492608	0.331178027	2.436092591	3.664151837	3.914198805
Slc5a6	7.767708433	10.75876649	22.46824955	19.20832555	28.53708464	10.6593508	19.08171917
Tcf23	0	0	0	0	0	0.333104712	0
Nphs1	0.25057124	0.224140969	0	0.99353408	0	0.333104712	0.489274851
Aplp1	48.61082052	296.9867833	579.8790878	663.6807656	823.747309	1220.495666	1293.15343
Qrich1	87.69993392	103.1048455	86.56884387	87.76217708	62.29436768	41.63808906	68.49847909
P4htm	3.006854877	10.53462552	16.1903563	18.21479147	32.71324336	84.60859697	79.2625258
Usp19	43.09825324	45.94889855	53.85771584	58.28733271	36.88940209	37.64083251	59.20225693
Pola1	49.36253424	36.53497787	10.57329391	8.941806722	4.872185182	1.998628275	1.957099403
Cdc42	422.7136815	418.2470473	505.535615	571.9444522	620.8555975	400.3918644	341.5138457
Pknox1	14.53313191	24.2072246	24.7811576	24.17599595	14.61655555	6.328989537	9.296222162
D130043K22Rik	0.751713719	1.56898678	4.625816085	5.630026455	6.264238091	15.9890262	22.99591798
Gmnn	142.5750354	69.03541831	12.55578652	14.57183318	7.656291	5.995884824	3.914198805
Acot13	51.11653292	39.00052852	31.71988172	43.3843215	44.54569309	134.2411991	124.2758121
Zfp184	14.78370315	24.2072246	11.89495565	13.5782991	4.176158727	1.33241885	2.446374253
Cyp27b1	0	0	0	0	0	0	0
Cdk4	1255.863054	971.2028166	403.7676611	434.1743931	291.6350845	67.62025663	58.71298208
B4galnt1	1.503427439	15.91400877	73.68264192	66.8979614	81.08708196	79.27892157	113.5117653
Mettl1	20.7974129	15.01744489	9.582047604	11.59123094	12.87648941	12.99108379	8.806947311
Tspan31	107.9962043	93.46678388	82.93427409	67.89149548	57.07416928	67.62025663	91.49439707
Kif5b	94.21478616	107.8118059	99.45504582	99.02222999	73.77880418	89.93827237	183.478069
Saal1	46.10510812	32.0521585	15.52952543	20.53303766	16.35662168	10.99245551	8.317672461
Tph2	0	1.56898678	5.947477823	6.623560535	9.048343909	2.997942412	1.467824552
Krt23	0.25057124	0	0.660830869	0.662356053	0.696026455	0	0.489274851
Cnp	9.020564632	13.44845811	30.06780455	32.12426859	70.99469837	791.1236921	520.0991662
Odad4	2.004569918	0.896563874	1.652077173	1.655890134	2.436092591	1.33241885	2.446374253
Sulf2	77.17594185	56.70766504	126.8795269	83.45686274	87.00330682	57.29401054	76.3268767
Sod2	47.10739308	56.48352407	69.38724127	71.8656318	78.65098937	102.9293562	116.4474145
Tmco6	11.52627703	14.34502199	7.929970431	9.604162775	9.048343909	9.660036662	12.23187127
Stambp	10.02284959	21.06925104	43.28442194	35.76722689	44.89370632	27.31458642	25.93156708
Ezh1	4.510282316	10.53462552	22.46824955	21.52657174	20.53278041	27.31458642	44.03473656
Hap1	19.5445567	58.50079279	165.8685482	172.5437519	362.9777961	59.29263882	43.54546171
P3h4	23.05255406	18.82784136	15.85994086	22.85128384	20.88079364	20.31938746	16.14607007
Ctnnb1	831.6459448	976.8063409	593.4261206	666.6613678	530.3721584	403.0567021	318.0286529
Eif1b	146.8347465	226.1582372	203.2054923	279.5142546	242.5652194	221.1815291	174.6711217
Chrd	2.255141158	4.258678402	9.582047604	9.604162775	5.220198409	12.32487436	35.22778925
Psmd2	268.8629403	234.899735	237.5686975	245.4029178	188.275156	165.2199374	183.478069
Syngr3	1.503427439	27.7934801	88.88175192	114.9187753	214.7241612	239.1691836	164.3963498
Vars1	104.9893495	68.58713637	51.87522324	48.68316993	32.36523014	15.9890262	27.88866649
Vwa7	0.25057124	0.224140969	0	0	0	0.333104712	0.978549701
Hspa1l	0.25057124	0.224140969	0.660830869	0	1.392052909	0.666209425	0.978549701
Slc44a4	0	0	0.330415435	0.331178027	0	0.666209425	0
Msh5	3.257426117	2.017268717	1.321661739	1.655890134	0.696026455	0.999314137	0.978549701
Abhd16a	21.29855538	29.81074881	41.63234476	55.63790849	59.16224864	97.26657604	77.3054264
Neu1	7.015994714	11.87947133	21.47700325	18.5459695	30.625164	45.63534561	39.6312629
Ddah2	269.8652252	396.0570914	247.4811605	303.6902505	280.150648	36.64151837	16.14607007
Clic1	175.6504391	122.6051098	69.71765671	76.8333022	58.46622218	27.98079585	12.23187127
Lsm2	137.8141819	104.8979733	63.10934801	56.63144257	52.54999732	20.98559689	12.72114612
Pole	33.32597489	14.12088102	8.921216735	5.630026455	5.220198409	0.999314137	3.424923954
Atp1a2	3.006854877	12.32775327	70.70890301	88.75571117	122.500656	263.8189323	491.7212249
Atp1a4	0	0	0	0	0	0	0
Casq1	2.255141158	3.362114528	2.643323477	4.636492374	1.392052909	0.666209425	1.957099403
Stx1a	3.758568597	13.22431714	57.82270106	43.71549953	98.13973009	225.1787856	203.049063
Zfp775	5.763138515	12.1036123	12.22537108	14.24065515	7.308277773	5.995884824	6.849847909
Scube2	1.252856199	0.896563874	1.652077173	0.99353408	1.044039682	0.666209425	0.978549701
Mrpl49	46.85682184	37.20740078	34.3632052	31.46191254	28.53708464	32.31115711	21.03881858
Dennd2c	2.255141158	0.672422906	2.312908042	1.655890134	1.740066136	0	0
Mark3	67.90480598	93.91506581	99.45504582	113.5940632	100.9238359	49.29949744	55.77733297
Gatad1	89.70450384	78.67347995	68.39599497	71.20327575	64.03443382	74.9485603	82.19817491
M6pr	73.91851574	58.27665182	45.26691454	44.37785558	46.98178568	88.93895823	76.81615155
Lrrc8a	17.53998678	29.58660785	37.99777498	29.47484438	16.00860846	11.99176965	26.91011679
Mc5r	0	0.448281937	2.643323477	1.655890134	1.740066136	1.33241885	0.489274851
Ppp2r1a	217.2452649	309.0903956	495.9535674	465.6363056	510.1873912	493.3280792	512.2707686
Fance	24.30541026	23.98308363	18.1728489	24.17599595	31.32119046	20.98559689	17.12461977
Tinf2	41.34425456	26.00035235	15.19910999	14.9030112	14.61655555	14.32350264	8.806947311
Tssk4	0.50114248	0.224140969	0.991246304	0.331178027	0.696026455	0	0
Hapln4	0.50114248	0	0.991246304	0.99353408	2.784105818	36.64151837	87.09092341
Dus3l	17.79055802	23.31066073	34.3632052	43.05314348	38.281455	26.98148171	40.12053775
Gtpbp3	25.30769522	12.1036123	12.55578652	16.89007936	19.1407275	23.65043459	12.72114612
Tgfbr1	133.3038996	108.4842288	65.75267149	54.97555244	26.7970185	11.99176965	17.61389462
Homer1	11.52627703	14.79330392	14.20786369	20.20185963	14.61655555	64.62231422	92.96222162
Rad51c	12.27799075	10.08634358	6.608308693	3.974136321	2.784105818	3.664151837	1.467824552
Gabrb2	6.013709755	17.70713651	49.23189976	32.45544662	39.32549468	100.2645185	175.6496714
Cav1	8.519422153	16.3622907	25.7724039	34.77369281	20.53278041	13.99039792	10.76404671
Arpp19	159.6138797	101.0875768	67.7351641	64.24853719	60.20628832	324.7770947	271.0582673
Bcl2l1	41.09368332	95.93233453	98.13338409	102.0028322	95.00761105	97.26657604	113.0224905
Khsrp	113.5087716	112.9670481	105.4025236	83.45686274	39.67350791	24.31664401	71.43412819
Dio2	1.252856199	0	0.330415435	1.655890134	3.480132273	38.30704193	27.39939164
Ccdc124	111.5042017	117.8981494	124.8970343	120.5488017	107.5360872	123.2487436	147.27173
Cct4	507.4067606	385.2983249	282.835612	284.813103	215.4201877	114.2549164	113.0224905
Trappc2b	49.36253424	62.53533022	42.62359107	51.33259414	48.37383859	59.29263882	36.20633895
Cpt1c	5.512567275	11.4311894	20.81617238	21.85774976	26.7970185	51.96433514	86.60164856
Twist2	11.27570579	8.293215836	0.991246304	0.99353408	2.088079364	1.33241885	0.978549701
Zfp655	17.53998678	32.50044044	21.14658782	22.18892779	12.87648941	26.648377	24.95301738
Rhoa	209.4775565	181.1059026	188.0063823	159.6278089	167.7423756	131.9094661	165.8641744
Zmiz1	47.8591068	89.43224644	158.9298241	77.49565826	59.16224864	25.98216757	61.15935633
Ankrd26	11.02513455	12.55189424	9.912463039	13.5782991	6.612251318	4.663465975	7.82839761
Aldh16a1	24.05483902	22.86237879	15.52952543	15.23418923	12.52847618	9.326931949	7.82839761
Prrg2	10.52399207	11.4311894	8.5908013	9.272984749	12.52847618	12.65797907	5.382023357
Hnrnph1	861.2133511	774.6311872	576.9053489	556.3790849	340.7049495	128.578419	238.7661271
Ift43	34.32825985	37.65568271	16.85118717	23.84481792	14.61655555	18.98696861	14.67824552
Id3	378.6131433	134.2604402	109.0370934	97.03516183	145.469529	94.93484305	73.3912276
Tcap	1.503427439	0.224140969	0.991246304	0	0	12.32487436	7.33912276
Arid1a	86.44707773	114.9843169	138.7744825	83.45686274	45.58973277	22.31801574	62.62718088
Crlf1	4.510282316	0.224140969	5.947477823	9.935340802	18.44470105	8.993827237	13.69969582
Ctsd	99.47678219	148.6054621	200.8925843	251.0329443	356.713558	553.6200321	383.5914829
Rplp1	5641.110321	3890.638932	2625.481044	3165.730758	4231.492831	2940.648402	2133.238349
Cabs1	0	0	0	0	0	0	0
Hmgcll1	5.512567275	15.6898678	22.13783412	16.89007936	18.44470105	5.662780112	12.23187127
Ttc9b	3.507997357	58.72493376	155.9560851	199.0379941	278.4105818	456.6865608	285.2472379
Phox2a	2.004569918	0.224140969	6.277893258	2.318246187	2.784105818	0	0
Abhd8	46.6062506	92.79436097	126.8795269	139.7571273	207.4158835	446.6934194	283.7794134
Ift22	49.86367672	53.34555051	42.29317563	55.63790849	61.59834123	87.93964409	56.75588267
Fzd3	17.03884431	14.12088102	6.277893258	4.305314348	2.088079364	2.997942412	1.467824552
1700008O03Rik	0.25057124	0.448281937	3.634569781	5.961204481	4.524171955	4.330361262	3.424923954
Mid1ip1	22.30084034	58.27665182	77.64762714	101.0092982	114.844365	130.910152	107.1511923
Ap2s1	154.8530262	194.3302197	288.122259	271.2348039	338.6168702	384.0697335	270.0797176
Fgfrl1	16.28713059	13.00017617	6.938724127	8.941806722	10.09238359	11.65866494	17.61389462
Brme1	1.753998678	2.689691622	2.973738912	3.311780267	2.436092591	2.997942412	1.957099403
Fhl2	7.517137194	4.931101308	20.15534151	15.23418923	21.57682009	60.29195296	61.64863118
Emc10	89.70450384	121.260264	153.3127617	172.5437519	258.2258146	265.4844558	250.9979984
Clstn3	5.512567275	28.91418494	105.0721082	89.74924525	159.0420449	213.187016	310.2002553
Fbxw9	16.03655935	29.81074881	45.92774541	56.9626206	64.38244705	22.98422516	17.12461977
Spib	0.25057124	0	0.330415435	0	0	0.333104712	0
Fnbp4	24.5559815	28.465903	29.40697368	27.15659819	19.83675396	6.995198962	26.91011679
Cers4	3.758568597	7.62079293	13.54703282	15.89654528	20.18476718	13.65729321	21.52809343
Scrn3	13.78141819	8.965638741	7.269139562	5.298848428	3.8281455	23.31732987	20.54954373
Phax	77.42651309	71.50096896	79.63011975	74.18387799	72.7347645	38.97325136	35.22778925
Tle1	49.86367672	80.69074867	62.77893258	53.3196623	45.58973277	38.97325136	43.54546171
1700109H08Rik	0	0.224140969	0	0	0	0	0
Relt	2.505712398	1.56898678	2.973738912	3.311780267	5.220198409	15.65592149	9.785497013
Snrpb2	223.0084034	195.8992065	96.81172235	83.45686274	73.08277773	34.6428901	39.14198805
Ubc	238.5438203	350.1081928	626.7980795	513.6571195	367.501968	350.7592622	370.3810619
Prpf31	106.9939194	86.51841385	63.10934801	61.930291	54.98608991	56.62780112	50.88458447
Sertad1	13.28027571	7.172510993	6.938724127	3.311780267	5.916224864	16.65523562	11.25332156
Carhsp1	119.5224814	180.8817616	165.2077173	142.0753735	109.9721798	33.64357596	53.33095872
Elk3	15.03427439	9.18977971	14.86869456	10.92887488	8.004304228	4.330361262	5.871298208
Herpud2	22.30084034	31.82801753	36.67611324	36.76076097	30.625164	36.64151837	51.86313417
Rdh13	23.3031253	27.34519816	28.74614281	34.11133675	30.625164	12.32487436	21.03881858
Adam21	0.25057124	0.224140969	0.330415435	0.662356053	0.348013227	0.333104712	0
Nutf2	276.6306487	210.0200875	135.8007436	122.8670479	100.2278095	55.62848698	53.82023357
Arpc5	141.8233217	203.0717175	243.8465908	286.1378151	280.8466744	149.5640159	161.9499756
Rnf151	0.25057124	0.672422906	0	0	0	0	0.978549701
Elavl2	61.89109623	181.3300435	202.5446614	161.9460551	111.3642327	55.62848698	60.18080663
Pou2f2	0	0	0.330415435	0	0	0	0
Mgst1	38.33739969	29.36246688	34.69362064	23.18246187	47.32979891	20.31938746	18.10316947
Nfib	9.020564632	125.7430833	140.7569752	221.8892779	77.25893646	30.31252883	76.81615155
Rab25	2.255141158	0	0.330415435	0	0	0	0
Ubqln4	56.37852895	70.15612315	84.58635127	76.50212418	55.33410314	57.29401054	109.1082917
Rbfox1	0.50114248	23.75894266	137.4528208	110.6134609	108.5801269	146.5660735	246.1052499
Rps18	3272.460392	2546.465543	1531.47554	1563.160286	1587.636343	740.4917758	530.8632129
Rpl10	2920.658371	2478.55083	1668.92836	1617.804661	1175.588682	549.9558803	677.6456681
Rps15a	3752.053745	3451.322633	1615.731475	1868.837605	1998.987978	894.0530483	475.5751548
Ncaph2	118.0190539	113.863612	74.34347279	90.4116013	77.25893646	76.94718858	80.2410755
Hipk1	30.31912001	47.06960339	44.60608368	36.76076097	24.36092591	25.31595815	77.3054264
Gprc5b	16.28713059	23.75894266	22.13783412	16.55890134	17.74867459	80.61134042	83.17672461
Man1a2	25.30769522	26.00035235	43.28442194	32.78662465	25.75297882	41.97119377	68.98775394
Tppp2	0	0	0	0	0	0	0
Acyp1	41.84539704	63.65603506	42.62359107	40.73489729	46.63377246	81.94375927	43.54546171
Cldn13	3.758568597	0.224140969	3.304154346	0	0	0.333104712	0
Cd163	0	0.224140969	0.991246304	1.324712107	1.044039682	1.33241885	2.446374253
Hdac5	28.3145501	67.46643153	80.29095062	88.42453314	70.99469837	94.26863363	115.4688648
Rala	88.70221888	136.0535679	174.4593495	206.3239107	183.0549576	76.61408387	68.98775394
Vdac3	334.2620339	308.4179727	302.3301227	347.40575	380.7264707	255.8244192	198.6455894
Vps72	102.9847796	146.3640525	117.6278947	103.3275443	79.34701582	29.97942412	27.39939164
Gabpa	45.60396564	37.65568271	28.08531194	27.81895425	20.18476718	8.993827237	16.63534492
Bmp7	17.79055802	13.67259908	14.53827912	16.89007936	8.352317455	3.664151837	6.360573058
Dynll1	951.4189975	822.1490726	637.3713734	707.3962651	669.9254625	932.3600902	668.8387208
Pdcl	61.38995375	85.84599095	55.84020845	57.62497665	36.19337564	21.98491102	30.33504074
Tmem184b	28.81569258	28.465903	33.04154346	28.81248833	22.62085977	32.97736653	36.6956138
Rsph14	0	0.448281937	0.991246304	0	0.696026455	0.999314137	0.978549701
Nf2	41.84539704	73.06995574	111.6804169	104.9834345	84.56721423	40.97187963	59.20225693
Cabp7	0.50114248	2.017268717	3.304154346	10.26651883	8.004304228	58.29332468	112.5332156
Zmat5	37.33511473	35.86255496	27.75489651	29.80602241	46.63377246	49.29949744	26.91011679
Ewsr1	240.7989614	281.9693384	218.7350177	213.2786492	131.2009867	74.9485603	127.2114612
Ap1b1	22.80198282	40.5695153	84.9167667	60.27440087	67.86257932	85.27480639	104.704818
Derl3	0.751713719	0.448281937	0.660830869	0.662356053	0.348013227	3.664151837	3.424923954
Gstt4	0	0	0	0	0	0	0
Tbx1	4.009139837	0.448281937	2.973738912	2.980602241	1.392052909	0.666209425	1.957099403
Gnat2	0	0	0	0	0.348013227	0	0
Bcl2l13	47.10739308	40.79365627	32.71112803	29.47484438	28.53708464	23.65043459	26.42084193
2610028H24Rik	0	0	0	0.331178027	0	0	0
Spatc1l	0	0	0	0	0	0	0
Dqx1	0.25057124	0	0.330415435	0	0	0	0.489274851
Ccl8	0	0	0	0	0	0	0
Lnpk	16.03655935	17.48299555	28.74614281	19.20832555	14.61655555	24.31664401	32.29214014
Prr29	0	0	0	0	0.696026455	0	0
Mymk	0	0	0	0.662356053	0	0.333104712	0.489274851
Fam163b	0	0.672422906	8.921216735	11.26005291	11.13642327	51.63123043	153.1430282
Trpm5	0.25057124	0.448281937	0	0.99353408	1.044039682	0	0
Ascl2	0.50114248	0.672422906	0	0	0.696026455	0	0.489274851
Rarres2	0.751713719	4.931101308	7.269139562	7.617094615	14.26854232	31.31184297	16.63534492
Pttg1ip	36.08225853	38.10396465	50.22314606	46.36492374	54.63807668	48.63328802	44.03473656
Trpm2	0.25057124	1.120704843	2.973738912	0.99353408	1.392052909	6.995198962	15.16752037
Ube2g2	60.63824003	74.19066058	59.80519367	64.91089324	62.99039414	59.29263882	59.69153178
Mpo	0.751713719	0	6.938724127	0.331178027	0	0.666209425	0
Met	2.505712398	0.672422906	5.947477823	5.961204481	7.656291	11.32556022	2.935649104
Slc16a12	2.505712398	2.689691622	3.304154346	3.311780267	1.740066136	1.665523562	3.424923954
Syn2	1.002284959	7.62079293	47.57982259	57.62497665	76.21489678	259.8216757	311.6680799
Elk1	11.27570579	22.41409685	21.14658782	23.5136399	26.44900527	37.97393722	59.69153178
Nav1	11.77684827	23.5348017	89.87299822	60.60557889	42.80562696	17.65454976	47.94893536
Tnpo1	186.1744312	154.4331273	116.9670639	75.5085901	40.71754759	21.98491102	38.6527132
Myod1	0	0	0	0.99353408	0	0	0.489274851
Rnmt	51.11653292	52.0007047	26.10281934	33.4489807	29.58112432	33.31047125	25.93156708
Kcnq1	0.50114248	0.672422906	1.652077173	1.655890134	0.696026455	0.333104712	0.489274851
Srp14	232.7806818	290.4866952	222.7000029	254.0135465	289.8950183	282.8059009	192.7742912
6330409D20Rik	0.25057124	3.362114528	6.608308693	4.305314348	5.916224864	2.331732987	0.978549701
Cdk9	73.91851574	72.6216738	79.63011975	77.49565826	98.13973009	88.2727488	87.58019826
Tor2a	40.59254084	32.50044044	35.02403607	32.78662465	36.54138887	27.64769113	24.95301738
Fpgs	11.27570579	8.069074867	13.21661739	10.92887488	13.57251586	3.664151837	6.360573058
Mrtfb	15.03427439	10.53462552	15.19910999	16.89007936	13.22450264	60.62505767	163.4178001
Cbx5	219.2498348	210.0200875	194.2842756	120.2176237	51.15794441	29.64631941	104.704818
Apobec3	4.510282316	2.689691622	1.982492608	2.318246187	1.392052909	3.331047125	0.978549701
Taf7l	0.25057124	0	0	0	0	0	0.489274851
Sardh	1.252856199	4.931101308	5.617062389	6.623560535	6.264238091	3.331047125	8.317672461
Vav2	20.7974129	35.638414	36.34569781	33.4489807	21.92483332	6.662094249	5.382023357
Tex15	4.009139837	4.931101308	5.617062389	1.98706816	2.436092591	0	0
Ppp2cb	128.7936172	180.8817616	194.9451064	220.2333878	228.9927036	229.8422516	204.0276127
G0s2	3.006854877	4.258678402	5.617062389	6.292382508	10.78841005	16.98834034	11.74259642
Dmap1	47.35796432	47.29374436	48.90148433	56.30026455	62.29436768	40.30567021	26.42084193
Pla2g12b	0	0	0	0	0	0	0
Mcu	7.266565954	9.413920678	19.82492608	19.20832555	15.312582	12.65797907	22.01736828
Oit3	0.25057124	0	0	0.331178027	0	0	0
Tex11	0	0	0	0.662356053	0.348013227	0	0.489274851
Bcr	14.53313191	29.36246688	75.66513453	48.3519919	25.75297882	18.32075919	58.71298208
Fxyd5	8.769993392	6.500088087	10.57329391	24.50717398	14.26854232	12.99108379	13.69969582
Kcnd1	0.50114248	2.017268717	3.634569781	3.642958294	5.568211637	4.663465975	7.82839761
Tfcp2	11.27570579	18.82784136	21.14658782	14.57183318	12.87648941	5.662780112	12.72114612
Pou6f2	0	0	0	0	0	0	0
Pou6f1	6.264280995	41.46607918	58.15311649	53.3196623	36.88940209	30.31252883	65.07355513
Ubp1	28.06397886	35.638414	42.9540065	37.09193899	24.01291268	12.99108379	26.91011679
Nuak2	29.81797753	31.60387656	16.52077173	10.26651883	4.524171955	0	2.935649104
Cilk1	19.04341422	32.94872237	66.08308693	42.72196545	21.22880686	14.98971206	14.67824552
Sdhb	310.2071949	307.2972679	286.8005973	323.2297541	457.6373939	483.0018331	269.1011679
Cox4i2	4.009139837	3.362114528	8.260385866	4.967670401	4.524171955	10.32624609	3.914198805
Snap47	77.17594185	127.984493	271.2710718	295.0796218	348.3612405	433.7023356	410.9908745
Wnt3a	5.261996035	3.362114528	1.321661739	0	0.348013227	0	0
Kdsr	7.266565954	8.517356804	14.53827912	8.941806722	11.4844365	11.32556022	19.57099403
Vps4b	50.11424796	43.4833479	31.05905086	33.11780267	21.57682009	25.98216757	30.82431559
Rps25	3125.876216	2429.688099	1331.904617	1646.617149	1622.089652	877.7309173	825.406673
Nxf2	0.751713719	0.224140969	0.330415435	0.331178027	0	0	0
Tafazzin	23.05255406	23.31066073	25.44198847	18.21479147	13.57251586	19.65317804	32.29214014
Kif19a	0.25057124	0	1.321661739	0.331178027	2.088079364	3.664151837	2.935649104
Aldh3a2	16.03655935	16.58643167	22.79866499	30.13720043	31.32119046	36.64151837	36.20633895
Zmynd10	0.50114248	3.586255496	4.625816085	4.305314348	7.656291	2.6648377	3.914198805
Tmem115	20.29627042	32.50044044	42.62359107	36.09840491	53.594037	37.3077278	35.7170641
Hyal2	77.42651309	80.4666077	48.57106889	54.31319638	55.68211637	16.32213091	11.25332156
Ifrd2	24.30541026	14.12088102	11.89495565	9.604162775	8.700330682	5.995884824	6.360573058
Hyal1	1.503427439	3.362114528	3.964985216	4.967670401	3.8281455	1.665523562	7.82839761
Tusc2	54.12338779	58.50079279	64.43100975	81.46979458	115.1923782	167.2185657	108.129742
Nprl2	21.79969786	32.27629947	32.05029716	45.70256769	45.58973277	50.29881158	40.12053775
Slc38a3	5.763138515	10.53462552	26.43323477	24.50717398	50.80993118	57.62711526	53.82023357
Cacna2d2	6.013709755	22.41409685	65.75267149	36.42958294	48.02582537	14.98971206	14.18897067
Rassf1	27.0616939	20.6209691	26.76365021	24.17599595	22.968873	9.660036662	13.69969582
Epn3	1.002284959	0.448281937	0.660830869	1.324712107	1.392052909	4.996570687	1.467824552
Rnf112	0.50114248	5.827665182	21.47700325	25.16953003	40.71754759	100.5976232	201.5812385
Slc3a2	65.14852234	80.69074867	106.0633545	122.2046919	156.6059523	139.5708745	101.7691689
Nxf1	121.5270513	156.2262551	133.4878356	152.0107143	154.1698597	127.2460002	77.79470125
Stx5a	49.36253424	67.24229056	65.09184062	59.61204481	85.61125391	58.29332468	54.30950842
Slc47a1	0	0	0	0.662356053	0.696026455	2.6648377	1.467824552
Cimap3	1.002284959	2.913832591	5.947477823	7.948272642	7.656291	2.6648377	0.978549701
Tnfrsf13b	0.751713719	1.344845811	1.321661739	0.662356053	1.740066136	0.666209425	3.424923954
Spire2	3.758568597	20.6209691	24.7811576	21.19539371	38.62946823	16.98834034	11.25332156
Prox1	2.004569918	2.241409685	3.634569781	3.642958294	2.436092591	0.999314137	3.914198805
Raver1	55.87738647	50.65585889	41.63234476	30.79955649	18.79271427	8.993827237	23.97446768
Bltp2	55.62681523	52.22484567	69.05682584	57.95615468	44.54569309	68.95267548	112.0439408
AI597479	38.58797093	44.1557708	41.63234476	37.09193899	30.625164	19.98628275	24.46374253
Tmem86a	4.510282316	13.00017617	24.7811576	23.5136399	33.75728305	39.63946078	18.10316947
Optc	1.252856199	4.258678402	3.634569781	3.311780267	3.480132273	0.999314137	0.489274851
Tex14	0.50114248	0	0.660830869	0.331178027	0.696026455	0	0
Ifi35	1.002284959	1.344845811	0.660830869	0.99353408	2.436092591	3.664151837	1.467824552
Rdm1	20.54684166	29.13832591	9.25163217	10.59769686	7.308277773	4.663465975	7.33912276
Nedd8	410.9368332	374.3154174	296.0522294	341.1133675	364.369849	320.4467334	216.7487588
Gosr1	12.77913323	20.6209691	25.11157303	26.16306411	16.00860846	17.32144505	24.46374253
Mrpl52	243.5552451	227.727224	253.0982229	264.2800653	262.7499866	138.5715604	98.83351983
Spaca7	0	0	0	0	0	0	0
Kansl3	27.31226514	26.44863429	32.71112803	42.0596094	31.66920368	24.98285343	39.6312629
Eya4	7.015994714	4.482819371	2.643323477	1.655890134	2.436092591	0.999314137	3.424923954
Ebf3	21.79969786	55.36281923	242.1945136	56.63144257	31.66920368	1.665523562	0
Uckl1os	0	0	0	0.331178027	0	0	0.978549701
Myt1	14.53313191	68.13885443	42.62359107	26.16306411	10.09238359	3.664151837	4.403473656
Faf1	61.64052499	67.01814959	59.47477823	62.59264705	54.98608991	27.31458642	37.18488865
Tsacc	15.78598811	9.862202615	5.617062389	8.610628695	8.004304228	20.98559689	5.382023357
Mettl16	24.05483902	21.96581492	18.1728489	15.89654528	8.004304228	8.327617812	10.27477186
Dazl	1.002284959	0.224140969	0.330415435	0.662356053	0.696026455	1.665523562	7.82839761
Apol7a	0	0	0	0	0	0.333104712	0.489274851
Pigyl	40.59254084	52.6731276	46.25816085	68.55385153	89.43939941	101.5969373	62.13790603
Rbm25	54.37395903	54.69039632	51.21439237	48.02081388	37.58542855	21.98491102	30.82431559
Psen2	2.505712398	5.827665182	11.56454021	10.26651883	17.40066136	18.6538639	16.14607007
Acaa1b	0.751713719	1.344845811	0.330415435	2.318246187	3.8281455	0.666209425	1.467824552
Plcd1	13.28027571	13.00017617	9.582047604	11.92240896	9.048343909	6.995198962	13.21042097
Fads1	89.70450384	105.3462552	136.7919899	124.5229381	100.9238359	87.27343467	138.4647827
Lmbr1	7.517137194	7.62079293	20.48575695	21.52657174	22.968873	16.98834034	20.54954373
Tnfrsf22	2.756283638	2.017268717	2.312908042	1.324712107	1.044039682	0.333104712	0
Cars1	34.32825985	33.17286334	41.9627602	40.07254123	44.19767987	21.3187016	26.42084193
Phlda2	0.25057124	0.448281937	0	0.331178027	0.696026455	0	0
Asz1	0	0.448281937	0	0	0	0	0
Wnt2	1.002284959	0.224140969	0	0.662356053	2.088079364	5.995884824	10.27477186
Gabra1	0.751713719	5.603524213	13.87744825	14.57183318	14.96456877	190.5358955	245.1267002
Kdelr3	8.519422153	7.396651962	3.634569781	7.617094615	4.872185182	3.99725655	0.978549701
Cfap97d1	0	0	0	0	0	0	0.489274851
Apip	30.06854877	31.82801753	24.45074216	25.16953003	19.83675396	26.98148171	22.50664313
Pdhx	20.04569918	22.63823782	36.01528237	36.42958294	57.07416928	67.28715192	38.16343835
Vac14	18.2917005	18.15541845	34.03278977	28.81248833	27.49304496	11.32556022	26.42084193
Mcoln2	0.25057124	0	0	0	0	0	0
Slc5a1	0	0	0.330415435	0.331178027	0	0	0.489274851
Akt1s1	62.14166747	86.07013192	71.03931845	84.45039682	89.09138619	73.94924617	66.54137969
Tbrg1	108.4973468	78.89762092	81.61261235	82.13215063	70.29867191	62.62368594	50.39530962
Adss1	3.006854877	1.793127748	5.286646954	4.967670401	10.09238359	29.3132147	25.93156708
Cfap161	0.25057124	0.448281937	0.660830869	0.99353408	0.348013227	2.6648377	1.957099403
Brf1	19.5445567	25.77621138	27.09406564	24.50717398	21.92483332	19.98628275	18.59244432
Vipr2	2.004569918	1.344845811	3.634569781	1.655890134	0	0.999314137	0.489274851
Odc1	438.2490984	313.573215	187.6759669	231.4934407	185.4910501	65.95473307	75.83760185
Thg1l	31.57197621	21.06925104	13.21661739	10.92887488	11.83244973	6.662094249	8.806947311
Adam19	8.769993392	9.862202615	28.41572738	13.90947712	11.83244973	9.993141374	16.14607007
Pabpc4	130.7981872	82.03559448	106.39377	71.8656318	64.38244705	27.64769113	35.22778925
Exoc3l2	2.505712398	1.120704843	0.991246304	2.649424214	1.740066136	1.665523562	0
Zfp296	0.25057124	0.448281937	0.330415435	0	0	0.999314137	1.957099403
Plin5	0	0	1.321661739	1.655890134	2.436092591	2.331732987	1.467824552
Sugp1	24.05483902	40.12123337	42.62359107	44.04667756	43.50165341	34.97599481	42.07763715
Dmrtc2	0	0	0	0.331178027	0.348013227	0	0
Gm5893	0	0	0	0	0	0	0
Dhdh	3.006854877	3.137973559	4.956231519	2.649424214	0.696026455	2.331732987	6.360573058
Zfp790	8.268850913	11.87947133	14.20786369	14.24065515	3.480132273	2.997942412	7.33912276
Cpb1	0	0	0.330415435	0.99353408	0.696026455	0	0
Slc25a41	0	0	0	0	0	0.333104712	0
Fsd1	22.30084034	34.74185012	75.99554996	80.14508247	116.9324444	61.29126709	44.52401141
Pinlyp	0	0	0	0	0	0	0
Fuz	9.521707112	9.413920678	7.269139562	9.272984749	9.048343909	13.65729321	18.59244432
Sptbn4	1.503427439	2.241409685	22.46824955	14.57183318	18.79271427	51.63123043	113.5117653
Pgam1	562.5324333	410.6262543	362.4657318	414.9660675	451.0251426	798.7851005	615.5077621
Evi5	29.56740629	21.51753298	25.44198847	27.15659819	15.66059523	20.31938746	41.5883623
Evi5l	8.268850913	40.5695153	87.56009018	94.71691565	99.531783	56.62780112	57.24515752
Snapc2	36.33282977	43.4833479	44.93649911	51.66377217	52.20198409	39.63946078	31.31359044
Git1	40.09139837	58.72493376	88.88175192	80.4762605	78.99900259	121.2501153	291.1185361
Gltp	29.81797753	23.5348017	22.79866499	12.58476502	15.312582	50.63191629	47.45966051
Bnip2	65.64966482	54.24211438	40.31068302	49.34552598	37.93344177	19.98628275	16.63534492
Ccnt1	2.756283638	0.896563874	0.660830869	0.99353408	2.436092591	1.33241885	2.935649104
Scarf2	17.79055802	7.62079293	7.269139562	10.59769686	6.960264546	3.331047125	3.914198805
4930579F01Rik	0	0	0	0	0.348013227	0	0
Brms1l	36.08225853	37.43154174	51.21439237	56.30026455	41.06556082	63.62300008	64.09500543
Med15	20.04569918	21.29339201	33.70237433	26.82542017	19.83675396	21.98491102	36.6956138
Dhdds	13.53084695	18.37955942	32.71112803	26.16306411	33.40926982	35.64220423	45.50256111
Crybg2	0.751713719	0.224140969	0.991246304	1.655890134	2.436092591	1.33241885	2.446374253
Ubxn11	1.252856199	2.913832591	3.304154346	5.630026455	10.09238359	6.662094249	6.849847909
Mogat1	0.25057124	0.448281937	0.330415435	0	0.696026455	2.997942412	0.489274851
Tex22	0	0.224140969	0	0	0	0.333104712	0
Tjap1	34.82940233	21.74167395	13.54703282	12.58476502	9.396357137	12.32487436	15.16752037
Ehf	0	0	0	0.331178027	0	0	0
Rpl15	2137.372675	1780.351713	1014.7058	1271.392445	1442.166814	656.2162836	333.1961733
Tmem167	81.43565293	61.41462538	31.38946629	29.14366635	29.92913755	33.97668067	20.54954373
Steap4	0	0	0.991246304	0.662356053	0.696026455	0.333104712	0.489274851
Mplkip	25.8088377	32.27629947	18.1728489	19.53950358	22.27284655	10.99245551	7.33912276
Kif11	87.19879144	60.74220247	13.87744825	12.91594304	5.916224864	0.333104712	1.467824552
Rpa3	199.2041356	183.5714532	69.71765671	78.82037036	81.43509519	47.30086917	18.59244432
Mlkl	0	0.224140969	0.660830869	0.331178027	0.348013227	0.666209425	0
Phox2b	1.252856199	1.344845811	18.1728489	8.610628695	5.568211637	0	0
Tnpo3	87.19879144	77.32863414	65.42225606	60.93675692	46.63377246	35.30909952	52.35240902
Ttll5	9.271135872	6.05180615	8.921216735	9.272984749	8.352317455	13.3241885	15.65679522
Zfp715	13.53084695	19.50026426	18.1728489	24.50717398	23.31688623	14.65660735	21.52809343
Retn	0.25057124	0.672422906	0.660830869	0.331178027	1.044039682	0.999314137	0
Acp4	0	0	0	0	0	0	0
Cdh23	0.25057124	1.120704843	0.991246304	1.655890134	1.392052909	0.333104712	0.489274851
Rps5	3128.883071	2678.708715	1570.794976	1818.498545	1776.259512	659.5473307	531.8417626
Adgrl1	26.30998018	97.50132131	225.6737419	176.8490663	135.3771454	131.5763614	240.2339517
Amotl1	30.31912001	21.51753298	25.11157303	17.88361344	9.744370364	9.660036662	7.33912276
2200002J24Rik	0.25057124	0	0	0	0	0	0
Etv5	16.03655935	12.77603521	17.1816026	21.52657174	19.48874073	38.97325136	93.94077132
Tmem190	0	0	0	0	0	0	0
Gfod2	13.02970447	36.75911884	56.83145476	53.3196623	48.02582537	25.98216757	13.69969582
Enkd1	22.0502691	16.58643167	6.277893258	14.24065515	20.18476718	6.328989537	10.76404671
4933405L10Rik	0	0.448281937	0	0.331178027	0.348013227	0.333104712	0.489274851
Atp6v0d1	71.41280334	145.4674886	235.9166203	269.9100918	271.1023041	384.4028382	368.9132374
Ptprs	83.44022285	237.5894266	254.0894692	248.052342	148.6016481	94.60173834	248.5516241
Slc41a1	12.02741951	15.46572683	18.50326434	27.48777622	26.7970185	29.97942412	33.27068984
Siglecl2	0	0	0	0	0	0	0
Iglon5	11.27570579	41.69022015	103.7504465	72.85916588	61.59834123	16.32213091	25.93156708
Igf2bp1	106.4927769	47.06960339	16.52077173	7.285916588	1.740066136	0.333104712	0
Zbtb47	8.268850913	15.46572683	33.70237433	37.42311702	34.10529627	50.29881158	54.79878327
Nelfb	47.8591068	50.20757695	70.70890301	60.27440087	51.15794441	33.64357596	40.12053775
Card14	0	0	0.330415435	0	0.348013227	0	0
Tmem175	12.02741951	8.517356804	8.921216735	15.89654528	13.92052909	23.65043459	23.48519283
Bcas1	0	5.379383245	14.20786369	6.954738561	13.92052909	129.5777331	181.0316947
Tango2	16.28713059	24.2072246	28.74614281	37.42311702	54.63807668	119.9176965	72.41267789
Aldh1a2	1.252856199	5.827665182	10.24287847	14.24065515	13.22450264	7.328303674	3.424923954
Ndufs2	251.5735247	256.417268	227.6562345	252.6888344	328.5244866	483.0018331	230.4484546
Snx31	0.25057124	0.224140969	0.330415435	0	1.044039682	1.665523562	0
Atraid	46.85682184	81.81145351	85.908013	95.71044973	114.1483386	126.246686	107.1511923
Cad	45.60396564	26.00035235	27.09406564	19.53950358	12.52847618	4.996570687	8.317672461
Lypd8	0	0	0	0	0	0	0
Sh3bp5l	24.80655274	31.82801753	32.71112803	37.42311702	48.72185182	50.63191629	37.6741635
1810065E05Rik	0	0	0	0	0	0	0
Atad1	56.87967143	87.6391187	70.70890301	63.58618113	49.41787827	48.30018331	69.96630364
Pten	37.33511473	80.69074867	129.1924349	111.606995	79.34701582	113.2556022	174.6711217
4933402N03Rik	0	0	0	0	0	0	0
Pea15a	181.9147201	288.2452855	241.5336827	347.40575	357.4095844	383.0704193	346.8958691
Timm23	278.8857899	187.8301316	146.0436221	153.3354264	196.9754866	219.5160055	130.6363851
Tnfaip8l2	1.002284959	0.448281937	0.991246304	0.331178027	2.436092591	2.997942412	2.446374253
Trnt1	59.88652631	59.8456386	39.31943672	40.40371926	48.37383859	35.30909952	30.82431559
Ly6g6e	0	0.672422906	0.330415435	3.642958294	0.348013227	3.664151837	1.957099403
Ehmt2	91.20793128	149.726167	166.1989636	181.4855587	141.9893967	65.95473307	116.9366893
Elof1	169.3861581	137.3984137	110.0283397	123.529404	142.33741	127.9122096	69.96630364
Med16	28.3145501	29.81074881	34.3632052	35.43604886	32.01721691	19.32007332	26.42084193
St3gal1	7.015994714	6.948370024	12.22537108	17.55243542	9.396357137	5.662780112	10.27477186
Tmem259	56.87967143	72.17339187	87.56009018	97.03516183	123.5446957	129.5777331	94.91932102
Rnf170	13.02970447	12.55189424	17.1816026	18.87714752	13.22450264	21.65180631	23.48519283
Clip3	41.34425456	105.7945371	187.6759669	174.5308201	167.3943623	199.8628275	381.1451086
Myl2	76.17365689	0.448281937	126.218696	1.324712107	10.78841005	1.998628275	0.489274851
Dedd	22.30084034	30.03488978	31.71988172	34.44251478	24.36092591	18.98696861	20.54954373
Mcemp1	0	0	0.991246304	0	1.044039682	0.333104712	0
Nit1	21.79969786	26.00035235	28.74614281	34.44251478	31.32119046	31.64494768	37.6741635
Pax5	0	0	0	0	0	0	0
Prdm15	6.013709755	8.293215836	10.90370934	9.272984749	5.220198409	2.6648377	6.849847909
Rnf168	23.55369654	19.9485462	16.1903563	14.24065515	13.57251586	7.328303674	15.65679522
Dynlt2b	24.05483902	23.5348017	22.13783412	23.84481792	34.80132273	21.65180631	13.69969582
Chp1	66.1508073	57.15594698	57.82270106	72.19680983	49.7658915	119.5845918	145.8039055
Sval2	0	0	0	0	0	0	0
Trpv4	0.50114248	0.448281937	0	0.99353408	2.436092591	1.33241885	1.957099403
Klhl3	0	1.793127748	4.29540065	1.98706816	1.740066136	4.996570687	19.08171917
Tvp23b	29.06626381	26.22449332	29.07655825	25.50070806	25.75297882	39.9725655	30.82431559
Dnajc7	121.5270513	120.1395591	139.7657288	122.2046919	108.9281401	66.28783778	114.9795899
Cacybp	280.1386461	248.1240522	180.0764119	184.4661609	238.0410475	164.553728	110.0868414
Cluap1	20.29627042	29.36246688	34.69362064	35.10487083	40.02152114	21.3187016	25.93156708
Zswim7	9.271135872	8.741497773	5.947477823	10.92887488	13.57251586	21.3187016	12.23187127
Pigl	1.503427439	1.793127748	1.652077173	1.655890134	1.392052909	0.999314137	0.978549701
Ndufa2	350.5491645	330.8320696	225.012911	230.1687286	303.4675342	462.6824456	334.6639978
Pam16	79.18051177	99.96687196	115.6454021	130.8153206	146.5135687	145.5667593	85.13382401
Glis2	21.04798414	21.06925104	18.50326434	19.20832555	10.44039682	5.662780112	8.806947311
Cox6c	798.0693987	824.8387642	770.859209	792.509018	1022.810875	1912.354154	1063.683525
Bicc1	6.264280995	7.396651962	10.24287847	8.279450668	6.960264546	3.664151837	3.424923954
Ube2z	49.111963	62.08704828	74.01305736	85.4439309	107.188074	70.61819904	71.43412819
Gip	0	0	0	0	0	0	0
Tmem87b	12.77913323	19.50026426	17.84243347	21.19539371	16.00860846	12.32487436	18.10316947
Anapc1	60.38766879	62.53533022	72.36098018	63.91735916	38.97748146	18.6538639	25.44229223
Mertk	5.011424796	0.896563874	4.29540065	2.980602241	2.436092591	8.660722524	20.54954373
Tsg101	160.8667359	242.296387	228.3170653	233.4805088	198.7155528	122.9156389	91.98367192
Hps5	12.52856199	10.53462552	11.89495565	15.56536726	10.09238359	3.331047125	14.67824552
Map3k4	20.7974129	21.74167395	29.73738912	18.87714752	16.35662168	14.32350264	28.37794134
Piezo1	8.268850913	4.706960339	8.260385866	4.967670401	4.872185182	2.997942412	1.467824552
Blk	0	0	0	0	0.348013227	0	0
Rnf166	20.29627042	20.6209691	18.83367977	28.81248833	23.66489946	26.31527228	36.6956138
Ankrd28	22.80198282	28.465903	28.74614281	35.10487083	22.27284655	22.31801574	34.7385144
Ankrd52	2.505712398	2.241409685	2.312908042	0.99353408	2.436092591	0.666209425	2.446374253
Pkd2l2	0.25057124	0.224140969	0	0.331178027	1.044039682	0.333104712	0
Srp19	106.2422057	82.48387642	75.66513453	84.78157484	64.38244705	91.60379593	76.81615155
Tmbim7	0	0	0	0	0	0.333104712	0.489274851
Clec4f	0	0	0	0.331178027	0.348013227	0	0
Klra17	0	0	0	0	0	0	0
Wdfy2	16.03655935	18.82784136	20.81617238	16.89007936	7.656291	5.995884824	17.12461977
Rbsn	17.53998678	30.03488978	36.67611324	34.44251478	22.62085977	24.31664401	30.82431559
Mrps25	30.82026249	28.01762107	15.19910999	24.50717398	22.62085977	29.64631941	33.75996469
Dguok	21.29855538	23.98308363	28.41572738	27.48777622	27.49304496	16.98834034	20.54954373
Camta1	55.87738647	76.43207027	161.903563	147.0430439	129.4609206	95.93415719	190.8171917
Csf1	4.760853556	1.793127748	8.921216735	7.617094615	6.264238091	6.328989537	10.76404671
Strip1	50.3648192	92.12193807	131.1749275	124.8541161	127.3728412	51.96433514	63.60573058
Kif1a	15.03427439	69.25955928	303.321369	219.9022098	187.5791295	188.5372673	465.300383
Alx3	10.27342083	2.689691622	0	1.655890134	2.088079364	0	0.978549701
Slc25a11	59.38538383	65.00088087	68.39599497	83.12568471	101.6198624	126.5797907	103.2369935
Chrne	0	0	0	0	0.348013227	0	0
Cmc2	49.36253424	33.17286334	17.51201804	15.56536726	11.83244973	19.65317804	23.97446768
Chfr	34.82940233	54.24211438	57.16187019	62.26146903	45.58973277	19.65317804	25.93156708
Hoxa2	0	0	16.52077173	4.305314348	6.612251318	0	0
Adam28	0	0	0	0	0	0	0
Ankrd53	0	0	0	0	0	0	0
Tex261	45.10282316	43.93162983	37.33694411	45.04021164	37.58542855	25.98216757	31.80286529
Fam120b	19.04341422	30.93145366	37.33694411	35.43604886	24.01291268	27.31458642	29.35649104
Tbp	55.62681523	47.29374436	33.70237433	29.47484438	31.66920368	18.32075919	18.10316947
Psmb1	533.967312	508.1275757	354.5357614	390.4588935	457.2893807	398.0601314	253.9336475
Pdcd2	39.84082713	43.4833479	44.27566824	43.71549953	44.54569309	20.98559689	22.01736828
Dll1	42.59711076	61.86290731	27.09406564	15.89654528	10.78841005	2.331732987	5.382023357
Nol3	1.753998678	4.034537434	2.643323477	4.305314348	7.308277773	24.31664401	22.50664313
Fhod1	11.27570579	3.362114528	3.634569781	1.324712107	2.088079364	1.33241885	1.957099403
Plekhg4	1.252856199	0.672422906	1.652077173	1.98706816	1.392052909	0.999314137	0
Slc9a5	7.767708433	7.396651962	15.85994086	16.89007936	16.35662168	12.65797907	17.12461977
Elmo3	1.252856199	1.56898678	0.991246304	1.324712107	1.044039682	1.998628275	0.489274851
Stc1	0.50114248	0.672422906	3.634569781	2.649424214	1.740066136	1.998628275	1.957099403
Matcap1	16.03655935	58.27665182	149.6781919	132.4712107	116.5844311	10.32624609	12.23187127
Tppp3	45.60396564	38.10396465	92.5163217	97.03516183	169.4824417	127.9122096	92.47294677
Msh3	24.5559815	18.15541845	21.47700325	15.89654528	14.96456877	11.32556022	12.72114612
Adamts13	0	0.448281937	0	0	0	4.996570687	2.935649104
Tmem208	59.63595507	72.39753284	67.07433323	84.78157484	102.663902	87.93964409	47.94893536
E2f4	72.91623078	60.74220247	44.27566824	38.74782913	39.32549468	27.31458642	31.31359044
Surf4	113.7593429	93.01850194	83.26468953	90.08042327	68.21059255	45.96845032	51.37385932
Surf2	32.82483241	37.43154174	34.69362064	39.41018518	41.76158727	31.9780524	39.6312629
Dnajb9	18.2917005	31.37973559	31.38946629	42.0596094	33.06125659	71.95061789	43.54546171
Naf1	19.79512794	17.70713651	14.86869456	13.90947712	9.048343909	11.32556022	21.52809343
Yes1	28.81569258	29.36246688	19.82492608	18.87714752	12.18046296	5.995884824	8.317672461
Ppp1cb	306.198055	336.4355938	290.1047516	271.2348039	213.3321083	200.5290369	336.1318224
Gorasp2	68.90709094	67.24229056	90.86424452	91.07395735	96.05165073	94.60173834	87.58019826
Tsen15	43.34882448	27.12105719	19.49451064	21.19539371	27.49304496	20.98559689	25.44229223
Efr3a	25.30769522	22.18995588	22.79866499	20.86421568	19.83675396	59.95884824	117.4259642
Trappc2l	55.87738647	97.94960325	124.5666189	134.7894569	144.0774761	162.221995	103.2369935
Acsf3	11.02513455	10.08634358	13.54703282	14.57183318	11.4844365	10.99245551	13.69969582
Ddx19a	51.86824664	46.62132145	40.31068302	40.40371926	25.75297882	14.32350264	16.63534492
Galns	4.259711076	2.465550654	5.947477823	5.961204481	14.26854232	6.995198962	3.914198805
Gata2	5.011424796	10.31048455	11.23412478	7.285916588	3.480132273	2.331732987	1.467824552
C8g	1.252856199	1.56898678	1.652077173	0.99353408	2.436092591	2.6648377	1.467824552
Entpd2	0	0	2.643323477	8.610628695	8.352317455	6.662094249	15.16752037
Rabl6	64.64737986	62.98361216	57.16187019	63.25500311	61.59834123	123.2487436	139.4433324
Ptgds	0.25057124	2.465550654	148.0261147	392.7771397	797.2983037	1509.963662	2075.014642
Edf1	184.1698612	195.6750655	232.9428814	236.4611111	232.1248226	315.7832674	232.8948289
Clic3	0	0.224140969	1.321661739	1.324712107	1.044039682	0	0.489274851
Npdc1	29.81797753	149.502026	289.4439207	310.9761671	370.6340871	314.7839533	296.0112846
Fbxw5	24.05483902	41.24193821	64.43100975	62.26146903	49.06986505	55.29538227	88.55874797
Slc25a13	50.61539044	17.93127748	5.947477823	3.642958294	5.220198409	1.998628275	5.871298208
Ube2i	220.0015485	241.1756821	230.6299734	218.5774976	197.3234999	128.9115237	134.5505839
Tsr3	55.12567275	51.10414083	37.00652868	51.9949502	61.250328	39.9725655	33.75996469
Unkl	7.767708433	10.08634358	25.44198847	20.53303766	23.66489946	25.31595815	32.78141499
Lrrk1	1.753998678	1.344845811	1.321661739	2.649424214	1.740066136	0.999314137	1.957099403
Aldh1a3	5.763138515	2.689691622	2.643323477	1.655890134	3.8281455	3.331047125	0
Actn1	40.34196961	20.17268717	19.49451064	15.23418923	11.83244973	25.64906286	43.05618686
Sirt2	34.32825985	55.81110116	95.82047604	112.6005291	125.9807883	302.7921836	183.9673438
Hnrnpl	420.4585404	434.161056	303.9821999	333.4962729	196.6274734	95.60105248	214.3023846
Nolc1	67.90480598	49.98343598	58.48353193	59.28086679	46.98178568	27.98079585	53.33095872
Casd1	50.86596168	53.79383245	64.10059432	57.95615468	59.51026187	44.63603147	58.22370723
Cnksr3	11.52627703	5.155242276	5.617062389	3.311780267	4.524171955	9.993141374	7.33912276
Mtmr1	7.015994714	22.41409685	29.40697368	27.15659819	16.35662168	21.65180631	33.75996469
Hmgb3	470.3222171	442.4542719	354.8661768	307.9955649	306.25164	44.30292676	30.82431559
Map2	105.9916344	427.436827	703.4544603	532.534267	404.3913701	208.1904453	566.0910022
Cyp2j9	0	0	3.964985216	3.642958294	8.004304228	19.65317804	33.75996469
Nipsnap3a	0	0	0	0	0	0.333104712	0.489274851
Abca1	8.769993392	13.67259908	34.3632052	27.15659819	26.10099205	6.328989537	15.16752037
Nipsnap3b	49.86367672	71.50096896	101.107123	105.3146125	94.31158459	18.32075919	17.12461977
Lage3	98.72506847	84.7252861	39.31943672	49.34552598	43.15364018	38.97325136	27.39939164
Ubl4a	48.61082052	56.48352407	46.25816085	56.30026455	65.42648673	102.5962514	74.3697773
Gdi1	97.97335476	287.1245807	530.647188	427.5508325	410.307595	422.7098801	472.1502309
Sash1	14.28256067	11.87947133	23.45949586	25.16953003	20.88079364	17.32144505	24.95301738
Gadd45b	4.760853556	4.482819371	4.625816085	6.623560535	5.568211637	25.98216757	13.69969582
Slamf6	0	0	0	0	0	0.333104712	0
Slamf1	0	0.224140969	0.660830869	0	0	0.333104712	0.489274851
Zdhhc12	18.54227174	14.12088102	9.912463039	13.90947712	22.62085977	11.65866494	9.785497013
Endog	15.78598811	11.4311894	19.82492608	24.83835201	36.19337564	51.63123043	42.07763715
Cybb	0.25057124	0	0.660830869	0	0.348013227	0.666209425	0.489274851
Golga7	150.8438863	173.2609687	122.2537108	130.8153206	137.813238	183.2075919	119.8723384
Xk	3.006854877	4.034537434	7.929970431	4.967670401	5.916224864	7.328303674	13.69969582
Pcolce2	1.252856199	1.56898678	2.312908042	2.318246187	2.088079364	2.6648377	5.871298208
Cd48	0	0.224140969	0.330415435	0	0.348013227	1.33241885	0.489274851
Clpx	27.0616939	33.39700431	27.42448107	38.74782913	27.84105818	38.30704193	31.80286529
Trabd	31.82254745	36.98325981	26.76365021	29.14366635	22.27284655	10.99245551	11.74259642
Mov10l1	1.252856199	0	0.330415435	0	0	0.333104712	0
Dennd6b	9.772278352	18.60370039	37.99777498	30.46837846	30.625164	20.98559689	28.37794134
Cd83	3.507997357	4.482819371	16.1903563	16.89007936	32.36523014	28.64700527	18.59244432
Cltrn	0.50114248	0.224140969	0	0	0	2.331732987	2.446374253
Ace2	0	0.224140969	1.321661739	0.99353408	1.044039682	1.998628275	0.489274851
Gzmb	0	0	0.330415435	0.331178027	0	0	0
Gzmf	0	0	0	0	0	0	0
Gzmn	0	0	0	0	0	0	0
C4a	0.50114248	0.224140969	0.330415435	0	0	0	0
Ager	2.004569918	2.465550654	10.90370934	0.99353408	1.044039682	0	0.489274851
Atf6b	44.1005382	61.41462538	69.38724127	60.93675692	69.25463223	53.29675399	51.37385932
Egfl8	2.505712398	4.482819371	7.269139562	6.954738561	5.568211637	6.662094249	1.957099403
Notch4	15.03427439	13.44845811	11.23412478	9.272984749	12.18046296	5.662780112	5.382023357
Ppt2	20.29627042	29.81074881	30.06780455	19.8706816	21.57682009	29.97942412	21.03881858
Prrt1	0.50114248	10.98290746	23.78991129	20.86421568	35.14933596	101.930042	229.4699049
Rnf5	104.9893495	146.1399115	152.3215154	123.1982259	117.6284708	95.93415719	90.02657252
Fam163a	2.004569918	3.362114528	5.947477823	1.655890134	1.392052909	3.664151837	4.403473656
Cacfd1	11.27570579	24.87964751	38.98902129	27.81895425	28.18907141	15.9890262	19.57099403
Hivep2	2.505712398	6.05180615	21.47700325	40.07254123	18.09668782	60.62505767	156.0786774
Arnt	17.53998678	17.03471361	19.82492608	11.26005291	8.004304228	4.663465975	19.57099403
Itga2	2.255141158	2.913832591	5.286646954	2.649424214	1.392052909	0	0
Mocs2	55.12567275	69.70784121	53.85771584	78.15801431	77.95496291	79.94513099	56.75588267
Nat9	12.77913323	12.32775327	11.89495565	14.24065515	17.40066136	19.98628275	31.31359044
Lpl	0	0	0.330415435	0	0	0	0
Atp6v0e	84.69307905	119.6912772	59.80519367	90.74277933	85.61125391	89.60516765	52.35240902
Nkx2-5	2.004569918	0	2.643323477	0	0	0.333104712	0
Zfp318	10.52399207	14.34502199	26.10281934	22.52010582	17.74867459	11.65866494	15.65679522
Ttbk1	3.758568597	20.6209691	33.3719589	22.18892779	18.09668782	20.65249217	63.11645573
Srf	34.07768861	32.72458141	40.64109846	42.0596094	42.80562696	44.30292676	41.09908745
Gata3	4.009139837	13.67259908	30.06780455	8.279450668	5.916224864	0.666209425	0
Gata5	0.25057124	0	0	0	0	0	0
Lama5	6.264280995	2.017268717	0.991246304	4.636492374	1.044039682	1.998628275	4.403473656
Steap1	5.512567275	2.241409685	0.660830869	1.324712107	0.696026455	1.665523562	2.935649104
Steap2	1.753998678	1.344845811	3.304154346	2.649424214	3.8281455	7.328303674	8.317672461
Hspa8	3960.779587	2895.228891	2573.275405	2570.272665	2626.80384	3169.491339	2518.297656
Serac1	4.510282316	10.08634358	16.1903563	13.5782991	8.700330682	8.327617812	18.10316947
Pdzd11	84.94365029	92.79436097	59.80519367	53.3196623	50.11390473	58.62642939	50.39530962
Psma2	372.8500048	347.4185012	227.9866499	249.7082322	247.0893914	221.5146338	134.5505839
Mrpl32	93.46307244	93.46678388	56.50103932	58.28733271	55.68211637	50.29881158	31.80286529
Setdb1	47.8591068	58.50079279	54.18813128	45.04021164	41.41357405	15.65592149	27.39939164
Anxa9	1.252856199	0	0.330415435	0.662356053	0.348013227	0	0
Arnt2	31.32140497	93.69092485	178.4243347	148.698934	112.0602592	81.27754984	155.5894025
Prune1	19.5445567	36.08669593	62.77893258	63.58618113	77.60694968	23.65043459	22.01736828
Cers2	44.60168068	43.4833479	39.64985216	42.72196545	43.50165341	78.27960743	71.43412819
Nlrp5	0.25057124	0.672422906	1.652077173	0.331178027	0.348013227	0	0
Capza2	104.488207	119.0188543	105.4025236	100.6781201	89.43939941	132.9087803	176.6282211
Plekho1	115.7639128	151.5192947	109.6979243	98.02869591	91.875492	70.95130376	58.22370723
Vps45	21.29855538	35.638414	39.98026759	54.97555244	53.94205023	43.96982205	39.6312629
Prpf3	47.10739308	32.50044044	21.14658782	21.19539371	15.312582	9.326931949	10.27477186
Anp32e	320.9817582	215.8477527	128.5316041	105.3146125	75.51887032	37.64083251	89.04802282
Aph1a	38.33739969	51.55242276	57.16187019	60.93675692	46.98178568	29.97942412	44.52401141
Tab2	50.86596168	48.19030823	56.50103932	49.01434796	41.06556082	27.98079585	27.39939164
Ppil4	36.33282977	41.24193821	43.94525281	43.71549953	29.92913755	16.65523562	30.82431559
Cnih1	165.6275895	162.9504841	153.6431771	132.8023887	144.4254893	149.8971206	117.4259642
Eps8	2.505712398	3.586255496	13.21661739	12.91594304	24.01291268	24.31664401	20.54954373
Med22	51.86824664	76.43207027	69.71765671	70.87209772	88.39535973	41.97119377	33.75996469
Surf1	30.06854877	47.96616727	53.85771584	61.930291	81.78310841	95.60105248	89.53729767
Med28	175.3998678	188.9508365	123.5753726	145.0559757	154.5178729	154.5605866	117.915239
Qdpr	67.90480598	60.96634344	64.43100975	77.49565826	111.0162195	252.493372	294.5434601
Gnrh1	0	1.120704843	0.330415435	0.662356053	2.784105818	0.333104712	0.489274851
Sqstm1	79.18051177	141.2088102	217.413356	250.3705882	375.158259	584.5987704	464.3218333
Nfe2l2	34.82940233	18.15541845	15.52952543	18.5459695	11.4844365	22.65112045	20.54954373
Rxrg	1.002284959	1.793127748	5.947477823	22.52010582	25.05695236	12.32487436	5.382023357
Rxra	24.05483902	23.5348017	16.52077173	14.24065515	9.744370364	12.99108379	17.61389462
Adamtsl4	0	0	0.660830869	0.331178027	0.696026455	1.665523562	7.33912276
Fcrl2	5.261996035	8.293215836	8.921216735	12.25358699	17.74867459	28.98010998	23.48519283
Cd5l	0	0	0.330415435	0.662356053	0	0.333104712	0
Prpsap1	64.64737986	76.43207027	85.908013	81.46979458	79.34701582	39.9725655	45.01328626
Fam184b	1.252856199	2.241409685	6.938724127	10.26651883	16.35662168	3.664151837	5.382023357
Ncapg	87.69993392	60.06977957	10.57329391	9.604162775	8.700330682	1.33241885	0.489274851
Lcorl	13.02970447	35.86255496	40.31068302	33.11780267	22.968873	11.65866494	18.59244432
Lta4h	72.16451706	65.22502184	50.5535615	45.37138966	40.02152114	25.31595815	37.6741635
Amdhd1	0.50114248	0.448281937	0	0	0	0.666209425	0
Dstn	381.369427	457.4717168	370.0652868	415.2972455	359.1496506	269.1486077	262.2513199
Macroh2a1	256.3343783	282.4176203	178.4243347	136.445347	114.1483386	70.28509433	75.83760185
Gtf2ird2	6.013709755	13.00017617	19.49451064	14.24065515	17.05264814	7.328303674	11.74259642
Bola1	61.13938251	59.17321569	39.64985216	50.67023809	60.55430155	47.30086917	34.24923954
Castor2	6.765423474	27.7934801	45.92774541	36.76076097	32.71324336	30.97873826	80.73035036
Fcgr1	1.252856199	1.56898678	1.982492608	0.662356053	1.392052909	4.330361262	2.935649104
Ncf1	1.252856199	2.017268717	3.304154346	1.98706816	3.132119046	5.662780112	4.403473656
Wnt11	0	2.241409685	0.660830869	2.318246187	1.740066136	0.333104712	1.467824552
Adss2	80.18279673	56.03524213	64.10059432	76.8333022	73.43079096	42.97050791	48.92748506
Spmip3	0	0	0.330415435	0	0	0	0
Il17rb	0	0	0	0.331178027	0.348013227	0.333104712	0.978549701
Cacna1d	0.751713719	2.241409685	15.19910999	8.279450668	9.396357137	5.329675399	14.67824552
Chdh	0	0	0.330415435	0.99353408	0.348013227	1.665523562	2.935649104
Actr8	33.32597489	35.41427303	25.11157303	34.44251478	31.66920368	43.30361262	26.91011679
Lrrc27	4.259711076	5.827665182	5.947477823	2.649424214	5.568211637	5.329675399	4.892748506
Stk32c	0.50114248	0.672422906	6.277893258	8.279450668	6.960264546	25.31595815	26.91011679
Fnta	81.93679541	84.27700417	96.81172235	101.3404762	113.8003253	99.26520431	70.45557849
Mtrex	102.4836371	85.84599095	54.51854671	56.9626206	44.54569309	35.30909952	53.33095872
Lbp	1.002284959	0.224140969	3.634569781	5.630026455	7.656291	10.6593508	7.82839761
Celsr1	17.28941555	23.75894266	11.89495565	14.57183318	4.524171955	0.333104712	2.935649104
Fli1	15.53541687	7.396651962	8.5908013	10.59769686	2.088079364	1.33241885	4.892748506
Stard13	1.753998678	2.241409685	3.634569781	2.649424214	1.392052909	0.999314137	6.849847909
Camk1g	4.510282316	15.24158586	31.05905086	35.76722689	31.66920368	25.98216757	35.22778925
Utp25	14.53313191	12.32775327	12.22537108	12.91594304	11.4844365	7.661408387	8.806947311
Hsd11b1	0	0	0	0	1.392052909	29.97942412	33.27068984
Syt14	7.517137194	16.58643167	15.85994086	14.24065515	6.264238091	1.33241885	11.25332156
H2-M3	1.002284959	1.120704843	0.660830869	0.331178027	1.392052909	3.331047125	3.914198805
Lonrf3	4.510282316	5.827665182	2.312908042	3.311780267	2.436092591	8.327617812	17.61389462
Atp5f1e	649.4806535	732.7168261	744.7563897	727.5981247	851.5883672	838.4245613	586.1512711
Nelfcd	62.64280995	46.39718049	50.22314606	40.73489729	39.32549468	27.31458642	41.09908745
Ctsz	51.11653292	45.50061661	41.63234476	53.98201836	66.12251318	38.64014665	55.28805812
Prelid3b	94.21478616	89.43224644	69.38724127	78.15801431	70.99469837	66.95404721	54.79878327
Sertad4	16.53770183	24.87964751	31.71988172	47.35845782	40.02152114	11.99176965	24.95301738
H2-M2	0	0	0	0	0	0	0
Ube2a	39.33968465	47.51788533	47.24940715	46.03374572	61.250328	66.28783778	45.99183596
Slc25a5	847.1813617	650.9053726	452.0083146	390.4588935	448.9370632	600.2546919	437.9009913
Atp1b4	0	0	0	0.331178027	0	0	0
Ppdpf	170.8895855	238.4859905	203.8663232	254.3447245	255.4417088	164.2206232	106.6619174
Kcnq2	2.756283638	36.3108369	92.84673713	77.16448023	53.94205023	72.61682732	211.3667355
Eef1a2	0	30.25903075	191.9713675	209.966869	367.501968	1088.5862	1079.829595
Col20a1	0.25057124	0	0	0	0.348013227	0.333104712	0.489274851
Pls3	80.18279673	45.72475758	25.7724039	42.0596094	29.58112432	122.2494295	137.486233
Mpped2	12.77913323	86.96669579	93.17715257	75.5085901	60.20628832	32.97736653	33.75996469
Nkap	12.27799075	11.4311894	25.44198847	22.18892779	12.87648941	6.995198962	10.27477186
Ndufa1	227.769257	263.1414971	278.8706268	266.9294895	348.7092537	587.5967128	298.4576589
Wt1	1.002284959	1.344845811	0.330415435	0	1.044039682	0	0
E2f3	33.32597489	28.465903	16.1903563	11.26005291	9.744370364	8.993827237	21.03881858
Cr1l	30.31912001	23.98308363	27.09406564	29.80602241	24.01291268	24.64974872	21.03881858
Ppfibp1	25.30769522	14.79330392	13.21661739	15.56536726	13.22450264	15.65592149	11.25332156
Cd46	0.25057124	0.448281937	0	0	0	0	0
Cd34	45.85453688	38.77638756	28.08531194	33.78015873	22.968873	81.94375927	60.67008148
Plgrkt	19.5445567	37.20740078	45.26691454	41.39725334	30.625164	9.660036662	12.72114612
Cd274	0.50114248	0.672422906	0.660830869	1.655890134	0.348013227	0.666209425	0
Pdcd1lg2	0	0	0	0	0	0	0
Gtf3a	47.8591068	49.98343598	50.22314606	53.65084033	59.85827509	34.97599481	33.75996469
Mtif3	14.03198943	15.6898678	16.52077173	17.88361344	17.40066136	19.98628275	11.25332156
Lnx2	5.512567275	3.810396465	5.617062389	4.305314348	1.392052909	1.998628275	0.978549701
Dyrk3	16.78827307	19.27612329	16.52077173	25.16953003	19.83675396	25.64906286	11.74259642
Mapkapk2	100.7296384	90.10466935	57.49228563	51.33259414	40.71754759	24.98285343	32.29214014
Lamp2	89.4539326	86.74255482	58.15311649	58.61851073	64.73046028	64.28920951	65.56282999
Atxn10	181.6641488	255.9689861	356.1878385	366.9452536	310.4277987	235.8381364	255.8907469
Foxred2	3.257426117	7.62079293	8.921216735	12.25358699	10.44039682	6.995198962	9.785497013
Eif3d	184.1698612	142.777797	147.6956993	151.6795362	141.6413835	72.28372261	74.3697773
H3f3b	685.8134833	1045.617618	1080.128056	973.3322206	865.8569095	178.5441259	182.9887941
Nup50	67.4036635	54.24211438	40.64109846	32.78662465	20.53278041	17.98765447	23.48519283
Phf21b	38.83854217	101.0875768	52.86646954	36.42958294	10.78841005	3.99725655	7.33912276
Nlrp14	0	0	0	0	0	0	0
Ift27	43.34882448	43.25920693	46.25816085	56.63144257	59.16224864	40.30567021	36.6956138
Pacsin2	30.56969125	18.15541845	22.13783412	11.59123094	10.09238359	31.64494768	33.27068984
Ttll12	27.81340762	20.39682814	37.00652868	24.83835201	22.968873	6.662094249	9.296222162
Bik	0.50114248	0.896563874	0.330415435	0.99353408	0	0	0.489274851
Scube1	27.81340762	9.413920678	13.21661739	16.89007936	8.004304228	15.32281677	19.57099403
Tox4	38.83854217	43.25920693	52.20563867	56.30026455	43.15364018	40.63877492	45.99183596
Mrps18c	161.3678784	129.1051979	97.80296865	97.36633986	108.9281401	94.26863363	78.2839761
Sulf1	42.847682	26.67277526	23.12908042	14.9030112	11.13642327	4.996570687	7.82839761
Srsf6	159.3633085	153.3124225	107.3850163	103.3275443	85.95926714	25.31595815	42.07763715
Plcg1	46.10510812	69.70784121	64.76142519	75.5085901	43.15364018	21.98491102	38.16343835
Kctd2	27.0616939	36.53497787	45.59732998	49.67670401	51.15794441	84.27549225	73.3912276
Tmprss6	0.25057124	0	0	0.331178027	0	0.333104712	1.467824552
Kctd5	51.36710416	67.24229056	62.44851715	74.51505602	79.34701582	27.64769113	18.10316947
Pom121l2	0	0.448281937	0	0	0	0	0
Etaa1	36.58340101	30.03488978	12.88620195	14.24065515	11.83244973	4.996570687	5.871298208
Matn4	0.25057124	0.224140969	2.973738912	3.311780267	6.264238091	8.660722524	9.296222162
Svs4	0	0	0	0	0.348013227	0	0
Svs6	0	0	0	0	0	0	0
Slpi	0	0	1.321661739	0	2.088079364	0.666209425	0
Svs5	0	0	0	0	0	0	0
Rbpjl	0	0	0.330415435	0	0	0	0.489274851
Sdc4	7.517137194	3.586255496	4.956231519	6.292382508	7.656291	32.97736653	67.51992939
Ccdc70	0	0	0	0	0	0	0.489274851
Il13ra1	4.009139837	4.034537434	7.269139562	7.948272642	5.220198409	4.663465975	4.403473656
Nbr1	66.40137854	102.8807046	100.1158767	98.35987394	75.51887032	70.95130376	106.6619174
Cyth1	7.767708433	30.48317172	42.29317563	53.3196623	36.54138887	45.96845032	68.98775394
Rnd3	109.4996318	282.6417613	169.8335334	98.69105197	46.63377246	10.32624609	13.69969582
Brca1	31.82254745	19.27612329	5.286646954	4.305314348	3.132119046	3.331047125	3.424923954
Gast	0	0.448281937	0.991246304	0.331178027	0	0.333104712	0
Cntnap1	0.50114248	0.672422906	6.277893258	4.967670401	7.308277773	46.30155503	114.9795899
Nt5c3b	62.64280995	53.12140954	58.81394736	54.31319638	74.82284387	57.96021997	38.6527132
Coa3	101.7319234	106.0186781	139.104898	149.6924681	166.3503226	200.8621416	124.7650869
Zpbp2	0	0	0	0	0.348013227	0.666209425	0
Gsdma	0	0	0	0.331178027	0	0	0
Med24	41.5948258	48.63859017	61.78768628	48.02081388	46.63377246	49.29949744	82.68744976
Psmd3	125.0350487	124.6223785	133.818251	129.4906085	147.5576084	117.9190682	105.6833677
Exosc10	56.87967143	52.22484567	54.51854671	57.62497665	54.98608991	24.64974872	31.31359044
Glod4	76.17365689	62.08704828	54.84896215	60.93675692	59.16224864	69.95198962	59.69153178
Vps53	21.29855538	42.13850208	58.15311649	57.62497665	50.11390473	54.29606813	46.48111081
Taok1	18.79284298	25.77621138	18.1728489	20.20185963	11.13642327	2.997942412	14.67824552
Dnttip1	40.34196961	44.82819371	46.58857628	43.3843215	48.02582537	37.3077278	27.88866649
Tnnc2	0	0	0	1.324712107	0.696026455	0.666209425	0.489274851
Acot8	15.53541687	14.56916295	21.14658782	14.9030112	14.26854232	29.3132147	22.50664313
Cd300lg	0	0	0	0	0	0.333104712	0
Spint4	0	0	0	0	0	0	0
Pyy	0	0	0.991246304	0	0.348013227	0	0
Mpp2	12.02741951	25.77621138	43.94525281	30.13720043	38.62946823	77.94650272	119.8723384
Ppy	0	0	0.330415435	0	0.348013227	0	0
Vtn	53.12110283	59.17321569	112.3412478	81.13861655	85.95926714	74.28235088	85.62309886
Nlk	21.79969786	41.46607918	41.30192933	35.43604886	18.79271427	36.97462308	90.02657252
Traf4	61.38995375	109.8290746	94.16839887	111.275817	91.875492	17.32144505	13.69969582
Aldoc	2.255141158	44.1557708	132.1661739	181.1543806	361.2377299	1120.897357	1089.615092
Stac2	0.751713719	2.465550654	15.52952543	13.24712107	11.4844365	42.97050791	110.0868414
Rpl19	2932.936362	2181.564047	1389.066487	1709.540974	1986.459501	1356.069284	821.4924742
Nek8	4.259711076	2.465550654	2.643323477	4.636492374	2.436092591	1.33241885	2.446374253
Cacnb4	0.751713719	7.396651962	20.15534151	16.89007936	11.83244973	82.60996869	152.6537534
Plxdc1	0	0	0.991246304	2.649424214	3.480132273	12.65797907	14.67824552
Arl5b	54.87510151	62.31118925	50.88397693	31.79309057	14.61655555	9.326931949	12.72114612
Zfp207	218.7486923	204.1924223	109.6979243	113.2628851	89.43939941	54.29606813	69.47702879
Psmd11	78.92994053	87.86325966	68.39599497	55.96908652	31.32119046	25.98216757	43.54546171
C1qtnf1	0.751713719	2.913832591	8.260385866	7.617094615	5.220198409	0.999314137	3.914198805
Pipox	6.765423474	6.05180615	3.634569781	1.655890134	5.220198409	1.33241885	1.467824552
Timp2	39.08911341	43.93162983	113.0020786	129.4906085	157.649992	167.8847751	150.2073791
Zc3h18	60.38766879	54.46625535	42.9540065	42.39078742	35.14933596	17.65454976	22.50664313
Top2b	228.5209707	336.6597347	302.6605381	244.7405618	164.9582697	53.29675399	69.96630364
Rarb	12.27799075	6.948370024	10.24287847	11.92240896	11.83244973	10.99245551	7.82839761
Igfbp4	173.1447267	122.8292508	100.7767076	113.9252412	79.34701582	103.5955656	149.7181043
Cdc6	45.10282316	17.03471361	5.947477823	4.305314348	1.044039682	0	0
Suz12	92.46078748	91.67365613	60.46602454	48.02081388	28.53708464	17.32144505	33.75996469
Atad5	29.31683505	22.86237879	10.90370934	9.272984749	4.176158727	1.998628275	4.892748506
Crlf3	22.80198282	17.48299555	9.912463039	10.59769686	8.352317455	8.660722524	14.18897067
Tns4	0.50114248	0	0	0	0	0.333104712	0.489274851
Tnfaip1	53.12110283	46.39718049	45.59732998	48.02081388	49.41787827	23.65043459	29.84576589
Abr	20.7974129	89.20810548	164.216471	162.6084111	144.7735026	209.1897594	360.1062901
Rab11fip4	18.2917005	38.10396465	79.63011975	52.65730625	35.84536241	90.27137708	175.6496714
Cd40	3.006854877	2.913832591	1.982492608	0.662356053	0.348013227	1.33241885	0.978549701
Slc35c2	36.33282977	45.27647564	45.26691454	43.71549953	58.46622218	58.62642939	56.26660782
Zfp334	29.81797753	32.27629947	31.71988172	16.22772331	13.92052909	2.6648377	7.33912276
Elmo2	33.32597489	47.06960339	64.76142519	67.56031745	54.98608991	90.9375865	142.8682564
Wsb1	107.9962043	131.3466076	124.8970343	122.8670479	68.906619	16.98834034	40.6098126
Ttpal	25.05712398	31.82801753	44.27566824	39.41018518	29.92913755	33.31047125	41.5883623
Rhot1	33.57654613	47.29374436	50.88397693	49.01434796	48.02582537	40.97187963	54.30950842
Rhbdl3	12.27799075	31.37973559	17.84243347	11.92240896	7.308277773	13.3241885	12.72114612
Ada	8.519422153	5.155242276	1.982492608	2.980602241	5.220198409	0.666209425	1.467824552
Serinc3	101.9824946	86.51841385	125.8882806	118.2305555	115.5403915	240.8347071	260.2942205
Tha1	2.255141158	1.793127748	1.982492608	3.974136321	6.264238091	3.99725655	6.849847909
Pgs1	21.29855538	24.65550654	33.04154346	35.43604886	48.72185182	82.27686398	59.69153178
Birc5	238.5438203	114.9843169	33.04154346	30.13720043	13.92052909	1.998628275	2.446374253
Afmid	25.05712398	8.069074867	14.20786369	11.26005291	12.52847618	22.65112045	13.69969582
Trp53tg5	0	0	0	0	0	0	0
Pigt	14.78370315	23.5348017	58.48353193	41.72843137	63.68642059	32.31115711	45.01328626
Wfdc2	18.54227174	6.500088087	5.286646954	1.324712107	4.176158727	1.998628275	1.957099403
Etv4	15.03427439	4.034537434	9.912463039	8.610628695	23.31688623	10.32624609	8.317672461
Eppin	0	0	0	0	0	0.333104712	0
Dbndd2	4.259711076	5.155242276	6.938724127	8.279450668	16.35662168	247.4968014	175.1603965
Mmp9	0.25057124	2.017268717	13.87744825	9.935340802	3.132119046	1.998628275	0.978549701
Slc12a5	1.753998678	10.53462552	78.63887344	68.88502956	92.57151846	189.8696861	278.39739
Ghdc	4.760853556	3.362114528	6.608308693	8.279450668	8.004304228	2.6648377	2.935649104
Pltp	27.31226514	34.51770915	76.3259654	52.98848428	56.37814282	52.96364928	65.07355513
Slc12a7	27.56283638	21.51753298	13.87744825	9.935340802	4.872185182	0.999314137	5.871298208
Ctsa	42.09596828	37.87982368	59.47477823	64.24853719	72.38675128	118.5852776	93.45149647
Zswim1	6.514852234	15.46572683	23.45949586	16.22772331	13.92052909	15.9890262	26.42084193
Slc12a4	9.020564632	4.706960339	6.938724127	13.90947712	12.52847618	9.660036662	19.08171917
Spata25	0	0	0	0	0	0	0
Myo1c	12.52856199	6.05180615	10.24287847	16.22772331	14.61655555	10.32624609	11.74259642
Crk	161.1173072	155.5538322	112.6716632	113.9252412	95.35562428	108.925241	114.0010402
Cox7c	1244.086206	1245.999644	939.7014961	982.2740273	1484.972441	2257.450636	1052.919479
Pitpna	65.90023606	97.50132131	123.905788	138.4324152	128.7648941	189.2034767	141.8897067
Mlx	21.79969786	25.77621138	28.41572738	23.84481792	29.58112432	25.31595815	22.99591798
Retreg3	29.06626381	33.62114528	37.99777498	32.78662465	39.67350791	43.30361262	33.75996469
Jph2	2.004569918	0.896563874	1.321661739	1.655890134	5.220198409	0.999314137	0.978549701
Dhx58	1.002284959	0.672422906	0.991246304	1.324712107	1.392052909	0.333104712	0
Rab5a	67.90480598	104.6738323	132.1661739	127.1723623	131.2009867	186.2055343	163.907075
Nkiras2	51.36710416	77.77691608	90.86424452	70.87209772	90.13542587	20.65249217	11.25332156
Ppp2r5c	71.66337458	91.8977971	108.3762626	120.8799798	105.4480079	113.2556022	164.3963498
Ift52	19.5445567	21.51753298	13.54703282	12.91594304	8.700330682	11.65866494	8.806947311
Mybl2	30.82026249	20.84511007	5.947477823	3.311780267	2.784105818	0.333104712	0.978549701
Sgk2	0	0	0	0	0.696026455	4.996570687	2.446374253
Eya2	12.02741951	5.603524213	6.277893258	8.941806722	6.612251318	2.997942412	0.978549701
Prl3c1	0	0	0	0	0	0	0
B4galt5	14.03198943	23.5348017	37.99777498	41.06607532	37.93344177	30.64563355	35.7170641
Gdap1l1	5.011424796	52.89726857	102.4287847	105.3146125	104.4039682	58.62642939	58.22370723
Hnf4a	0	0	0.330415435	0	0.696026455	0	0
Ptgis	15.28484563	6.275947119	5.947477823	8.941806722	4.524171955	3.664151837	0.978549701
Cadps2	3.257426117	5.603524213	16.52077173	11.92240896	13.57251586	52.29743986	67.03065454
Ddx27	39.59025589	26.44863429	26.10281934	27.15659819	19.48874073	16.98834034	20.06026888
Cyth3	19.29398546	19.72440523	41.63234476	40.40371926	37.23741532	30.64563355	35.22778925
Cyth4	2.756283638	3.362114528	5.286646954	5.298848428	4.872185182	7.328303674	14.18897067
Rac3	31.07083373	81.36317158	317.1988172	469.6104419	725.9555921	65.62162836	16.63534492
Rrp7a	66.65194978	79.57004383	83.59510496	97.69751789	142.6854232	129.9108379	86.60164856
Cyb5r3	81.68622417	65.22502184	109.6979243	76.8333022	59.16224864	26.98148171	44.52401141
Ints2	29.31683505	25.55207041	19.82492608	19.53950358	12.87648941	8.993827237	13.21042097
Med13l	15.28484563	27.34519816	37.66735955	27.48777622	12.52847618	10.6593508	50.39530962
H2bc4	11.77684827	23.31066073	16.1903563	24.83835201	24.01291268	116.2535447	100.7906192
Baiap2l2	0.751713719	0	0.660830869	1.324712107	4.176158727	3.331047125	1.467824552
Mafk	4.510282316	11.4311894	19.82492608	17.88361344	14.61655555	8.327617812	11.25332156
Med1	37.58568597	50.20757695	41.63234476	33.4489807	27.49304496	18.32075919	28.37794134
Erbb3	1.252856199	0.448281937	2.643323477	2.980602241	0.348013227	5.995884824	8.806947311
Stard3	23.55369654	28.69004397	26.10281934	24.50717398	29.23311109	36.97462308	37.6741635
Ikzf3	0	0	0	0.331178027	0	0.666209425	0.489274851
Mfng	41.5948258	92.57022	25.44198847	23.5136399	18.79271427	6.662094249	4.403473656
Vmp1	68.90709094	73.74237865	63.43976345	70.20974167	102.663902	217.5173772	143.8468061
Uchl5	79.43108301	47.51788533	36.34569781	32.45544662	36.88940209	101.2638326	84.15527431
Glrx2	36.08225853	58.50079279	50.22314606	62.59264705	45.937746	66.62094249	52.35240902
Ro60	61.64052499	80.91488964	55.84020845	51.66377217	32.36523014	26.98148171	39.6312629
Stk4	45.3533944	41.46607918	41.30192933	34.11133675	18.09668782	18.32075919	31.80286529
Wfdc15b	0	0	0	0	0	0.333104712	0
Pmp22	18.54227174	11.87947133	22.46824955	32.45544662	19.1407275	28.31390056	27.39939164
Gdf9	0.751713719	3.137973559	0.660830869	2.980602241	2.436092591	0.333104712	0.489274851
Zcchc10	12.52856199	11.87947133	6.277893258	8.279450668	7.308277773	7.994513099	10.27477186
Tbx5	2.004569918	0.224140969	0	0	0.348013227	0	0
Psmb6	459.2970825	420.264316	326.4504494	371.581746	455.2013013	301.7928695	158.0357768
Spag7	98.47449724	70.82854606	99.12463039	57.62497665	37.58542855	36.30841366	55.28805812
Pfn1	591.5986971	474.2822894	402.4459994	339.7886554	252.657603	239.835393	278.39739
Tomm34	25.05712398	20.6209691	29.40697368	28.15013227	14.61655555	29.3132147	82.68744976
Ywhab	251.824096	295.1936556	404.0980766	482.526385	508.4473251	493.6611839	532.8203123
Ksr1	5.512567275	8.069074867	9.912463039	8.610628695	11.4844365	13.99039792	34.7385144
Gpx3	48.61082052	16.3622907	34.69362064	27.81895425	46.28575923	32.64426182	30.33504074
Anxa6	63.39452367	39.00052852	48.90148433	56.63144257	51.50595764	81.94375927	86.60164856
Zkscan6	8.018279673	12.32775327	9.912463039	14.57183318	13.22450264	10.32624609	6.849847909
Kpna2	631.9406667	433.0403512	118.2887256	128.8282524	73.77880418	53.62985871	34.7385144
Smurf2	41.84539704	54.24211438	46.25816085	44.37785558	35.14933596	21.3187016	25.44229223
Cep95	9.271135872	10.98290746	8.921216735	10.26651883	5.220198409	1.998628275	3.914198805
Vezf1	63.64509491	84.94942707	80.62136605	61.26793495	33.06125659	17.65454976	27.39939164
Cuedc1	29.06626381	47.06960339	85.57759757	59.94322284	68.21059255	21.65180631	17.61389462
Srsf1	385.629138	392.6949769	215.4308634	190.7585434	119.0205237	50.29881158	90.02657252
Abi3	1.503427439	1.120704843	0.991246304	0.662356053	0.696026455	4.663465975	3.914198805
Shroom1	1.252856199	0.448281937	1.652077173	2.980602241	3.8281455	0.666209425	5.871298208
Kif3a	25.55826646	59.62149763	110.6891706	103.9899004	94.65959782	67.28715192	97.36569528
Septin8	16.53770183	22.41409685	21.14658782	28.81248833	29.92913755	229.8422516	260.7834954
Mtmr4	41.5948258	51.55242276	68.06557953	54.64437441	29.92913755	22.65112045	49.90603476
Mrm1	9.521707112	8.517356804	10.24287847	17.22125739	17.74867459	18.32075919	10.76404671
Mapt	9.772278352	142.105374	672.7258249	717.3316059	662.6171848	130.910152	235.3412032
Kansl1	44.60168068	60.74220247	68.06557953	52.32612822	47.32979891	37.64083251	57.73443238
Gid4	28.06397886	24.65550654	30.39821999	25.50070806	21.92483332	29.3132147	56.26660782
Myo1b	43.84996696	63.43189409	37.99777498	43.71549953	20.18476718	9.993141374	14.18897067
Dhx40	40.34196961	48.4144492	31.71988172	18.5459695	18.09668782	9.660036662	18.59244432
Ypel2	4.760853556	8.517356804	9.25163217	9.272984749	3.132119046	25.64906286	34.7385144
Akap1	15.78598811	15.6898678	39.31943672	34.77369281	35.49734918	21.3187016	25.44229223
Nol11	36.33282977	33.62114528	33.3719589	22.85128384	13.22450264	6.995198962	13.21042097
Derl2	46.10510812	44.37991177	33.70237433	36.09840491	29.92913755	25.64906286	32.29214014
C1qbp	181.1630064	139.1915415	138.7744825	131.4776766	117.2804576	84.94170168	86.11237371
Rpain	30.06854877	26.67277526	23.78991129	29.14366635	26.44900527	27.98079585	20.54954373
6330403K07Rik	164.6253045	455.4544481	585.1657347	662.0248754	790.6860524	478.3383671	302.3718577
Slc13a3	1.002284959	2.465550654	7.929970431	9.272984749	10.09238359	9.326931949	11.74259642
Kcnab3	0.50114248	3.137973559	3.634569781	3.642958294	5.568211637	36.97462308	45.01328626
Chd3	67.15309226	143.2260789	245.4986679	207.6486228	133.2890661	119.5845918	214.7916594
Kdm6b	14.03198943	23.31066073	37.99777498	17.55243542	11.4844365	2.997942412	13.21042097
Chct1	0.50114248	0.672422906	0.660830869	0.662356053	1.740066136	0.333104712	0
Appbp2	70.66108962	64.32845797	63.43976345	56.30026455	48.02582537	47.9670786	68.00920424
Wnt9b	1.002284959	0.224140969	1.321661739	0.331178027	1.392052909	1.665523562	0
Adora2b	2.004569918	1.56898678	0.991246304	2.649424214	2.436092591	7.661408387	1.467824552
Ncor1	39.33968465	60.5180615	75.99554996	73.19034391	45.937746	40.63877492	79.2625258
Trpv2	1.753998678	5.155242276	19.49451064	16.55890134	26.10099205	11.99176965	14.67824552
Cenpv	59.63595507	149.502026	84.58635127	113.9252412	101.6198624	68.95267548	43.54546171
Pcgf2	27.31226514	44.37991177	77.3172117	46.03374572	31.66920368	5.995884824	12.23187127
Cwc25	8.018279673	12.32775327	12.55578652	10.59769686	10.44039682	7.994513099	6.849847909
Spmap1	0	0	0	0	0	0.333104712	0.489274851
Pip4k2b	36.08225853	73.74237865	128.8620195	127.1723623	102.663902	52.63054457	79.2625258
Trim37	59.13481259	82.70801739	106.7241854	112.2693511	86.65529359	151.5626442	241.2125014
Ybx2	5.763138515	11.4311894	10.57329391	8.610628695	8.352317455	3.99725655	1.957099403
Ctdnep1	232.7806818	320.521585	284.8181047	311.6385232	283.6307802	226.1780998	185.9244432
Elp5	109.2490605	102.8807046	118.619141	109.2887488	127.024828	111.256974	84.64454916
Slc2a4	8.018279673	7.396651962	2.643323477	4.305314348	4.176158727	0.666209425	2.446374253
Gabarap	166.128732	278.3830829	229.9691425	255.6694366	253.7016427	195.8655709	160.9714259
Cldn7	5.011424796	0.448281937	0	0	0	0	0
2810408A11Rik	9.521707112	13.67259908	3.964985216	10.26651883	8.004304228	0	0.978549701
Phf23	63.89566614	76.43207027	60.46602454	68.88502956	61.250328	40.30567021	36.20633895
Acadvl	25.30769522	33.62114528	49.23189976	44.37785558	46.28575923	48.96639273	42.56691201
G3bp1	254.5803796	165.6401757	96.48130691	107.3016807	61.59834123	35.30909952	40.12053775
Atox1	121.7776225	141.2088102	150.0086073	153.6666044	154.8658861	173.5475552	131.12566
Glra2	0	8.965638741	57.82270106	56.63144257	58.46622218	8.327617812	8.317672461
Sparc	168.1333019	185.364581	291.0959979	395.4265639	270.0582644	458.0189796	205.4954373
Mief2	8.268850913	12.55189424	16.52077173	16.89007936	22.62085977	16.32213091	16.14607007
Tbx3	1.753998678	0.224140969	2.312908042	1.324712107	1.044039682	0	0.978549701
Crhr1	0	0.896563874	7.269139562	9.935340802	10.09238359	23.31732987	23.48519283
Dusp14	4.259711076	9.18977971	6.277893258	12.91594304	6.960264546	69.95198962	71.92340304
Tada2a	25.30769522	22.63823782	23.12908042	23.84481792	17.05264814	17.98765447	22.99591798
Ikzf1	2.004569918	1.344845811	3.634569781	4.636492374	1.740066136	0.666209425	1.957099403
Pnpo	22.30084034	7.172510993	24.12032673	18.21479147	27.14503173	56.96090583	50.88458447
Cog1	19.29398546	26.89691622	41.63234476	36.42958294	30.97317723	28.31390056	50.88458447
Cbx1	266.1066567	214.9511888	114.3237404	97.36633986	58.81423541	30.64563355	37.6741635
Cdk5rap3	66.40137854	63.88017603	43.61483737	57.95615468	68.55860578	31.31184297	25.44229223
Copz2	20.04569918	11.4311894	6.938724127	10.92887488	6.612251318	8.660722524	11.25332156
Slc25a39	101.7319234	88.98396451	111.019586	97.69751789	104.7519814	84.27549225	83.17672461
Sp2	11.77684827	14.12088102	11.23412478	9.935340802	6.960264546	4.996570687	12.23187127
Aatf	29.81797753	25.55207041	27.42448107	26.16306411	23.31688623	8.660722524	10.27477186
Lhx1	7.015994714	40.79365627	66.08308693	18.5459695	18.79271427	0.666209425	0
Dync1h1	65.14852234	99.742731	262.3498551	128.8282524	96.39966396	107.9259268	258.826396
Cpsf4l	0.25057124	0	0.330415435	0	0	0	0
Pex12	7.767708433	10.53462552	11.23412478	14.57183318	7.656291	5.995884824	8.806947311
Ndel1	29.56740629	47.7420263	62.77893258	82.13215063	97.79171687	131.5763614	95.89787072
Slc25a35	0.751713719	0	0.660830869	0.99353408	1.392052909	4.330361262	4.892748506
Zbtb4	1.503427439	3.362114528	9.25163217	12.58476502	13.92052909	31.64494768	53.82023357
Tnfsfm13	1.753998678	1.120704843	2.643323477	2.649424214	4.176158727	7.661408387	7.33912276
Mpdu1	52.36938911	64.55259894	76.3259654	84.45039682	115.5403915	79.94513099	57.24515752
Fxr2	50.3648192	65.44916281	56.17062389	51.33259414	68.906619	58.95953411	85.62309886
Atp5mc3	755.4722879	686.7679276	829.3427409	874.9723466	1133.131068	1309.767729	735.8693754
Cd68	5.512567275	7.62079293	9.912463039	12.25358699	8.352317455	16.32213091	16.14607007
Slc35g3	0	0.224140969	0.330415435	0.331178027	0	0	0
Acsl1	4.760853556	4.258678402	21.80741869	16.22772331	21.92483332	30.97873826	34.7385144
Abca5	2.756283638	2.689691622	11.89495565	14.24065515	15.312582	18.6538639	36.20633895
Smyd4	6.765423474	5.155242276	6.938724127	9.272984749	5.568211637	7.328303674	11.74259642
Lsp1	14.78370315	6.500088087	6.277893258	6.623560535	4.176158727	5.662780112	7.82839761
Zfyve27	8.268850913	21.74167395	24.12032673	32.78662465	29.58112432	33.31047125	25.93156708
Avpi1	7.767708433	6.05180615	2.973738912	4.636492374	12.18046296	56.29469641	28.37794134
Sfrp5	0.25057124	0	2.643323477	2.649424214	3.480132273	1.33241885	1.467824552
Myh11	0	0.224140969	0.991246304	1.324712107	0.696026455	1.665523562	1.957099403
Rad51d	9.271135872	8.965638741	6.608308693	9.604162775	5.568211637	11.99176965	8.806947311
Fndc8	0	0.224140969	0	0	0	0	0
Unc45b	1.252856199	0.224140969	1.321661739	1.324712107	1.392052909	0	1.957099403
Pank3	54.37395903	97.05303937	101.4375384	91.73631341	49.41787827	42.97050791	36.6956138
Rars1	154.3518837	107.139383	70.37848758	69.21620759	67.86257932	49.63260216	43.05618686
Wwc1	15.78598811	23.98308363	40.97151389	49.34552598	38.281455	44.30292676	64.09500543
Mrpl58	113.0076291	98.17374422	71.03931845	64.91089324	68.21059255	66.62094249	46.97038566
Fdxr	7.015994714	11.87947133	14.86869456	18.5459695	13.92052909	11.32556022	18.10316947
Otop3	0	0	0	0.99353408	1.392052909	0	0
Sult4a1	7.767708433	28.465903	82.60385866	119.8864457	161.1301242	520.9757703	407.5659506
Pnpla5	0	0	0	0	0	0	0
Mrpl45	39.59025589	29.81074881	24.45074216	33.11780267	28.18907141	29.64631941	22.99591798
Mb	0.50114248	0	32.38071259	0	0.696026455	0.999314137	0.489274851
Irf1	1.753998678	1.344845811	3.634569781	1.655890134	2.088079364	2.6648377	4.403473656
Slc22a5	6.013709755	5.603524213	11.23412478	11.92240896	9.744370364	7.328303674	9.785497013
P4ha2	12.02741951	4.482819371	4.625816085	7.285916588	4.176158727	6.662094249	10.27477186
Alox12e	0	0	0	0	0	0.333104712	0
Arrb1	19.29398546	25.77621138	71.36973388	60.27440087	50.80993118	66.62094249	123.7865372
Csf2	0	0	0	0	0	0	0
Tm4sf5	0	0.448281937	2.312908042	4.636492374	10.09238359	1.998628275	0
Cxcl16	0.25057124	0.672422906	3.304154346	2.649424214	2.088079364	1.998628275	1.467824552
Pelp1	36.83397225	29.81074881	41.9627602	31.46191254	20.88079364	11.32556022	21.52809343
Med11	37.83625721	33.62114528	27.09406564	25.50070806	35.49734918	11.99176965	17.12461977
Alox15	0	0	0	0	0	0	0
Heatr9	0	0	0	0	0	0	0
Ccl6	0.50114248	0.448281937	0.991246304	1.324712107	1.044039682	4.996570687	1.467824552
Ccl4	1.252856199	0.224140969	0.330415435	0.662356053	1.044039682	0.999314137	0.489274851
Natd1	23.05255406	40.79365627	60.46602454	43.71549953	29.58112432	12.99108379	9.296222162
Map2k3	26.05940894	16.13814973	12.55578652	15.89654528	17.74867459	9.326931949	9.785497013
Ywhah	281.140931	333.2976202	539.5684048	644.47244	730.1317508	1384.71629	1266.243313
Sart3	60.63824003	56.03524213	50.5535615	49.34552598	41.06556082	19.65317804	33.27068984
E2f2	11.02513455	12.77603521	5.617062389	2.318246187	2.436092591	0.333104712	0
Slfn3	1.503427439	1.120704843	0.991246304	0.662356053	1.044039682	0	0.978549701
Nars2	12.02741951	11.4311894	9.25163217	10.59769686	11.13642327	8.327617812	11.25332156
Slc35b4	12.77913323	12.32775327	13.21661739	13.5782991	8.004304228	9.660036662	13.69969582
Dnah1	3.257426117	4.706960339	7.929970431	3.311780267	4.524171955	2.6648377	7.82839761
Dalrd3	23.05255406	26.67277526	33.70237433	42.39078742	36.54138887	62.62368594	62.62718088
Fis1	239.5461052	318.2801753	273.2535644	289.1184173	380.0304442	444.0285817	311.6680799
Plod1	12.27799075	16.58643167	27.09406564	20.53303766	16.35662168	27.98079585	19.08171917
Rab3d	3.507997357	8.965638741	13.87744825	30.79955649	20.18476718	9.326931949	8.317672461
Mfsd3	3.758568597	2.241409685	4.956231519	8.941806722	9.396357137	13.65729321	7.82839761
Slc25a22	22.80198282	38.77638756	75.66513453	70.87209772	79.34701582	145.8998641	162.9285253
Atp6ap1	45.85453688	79.34590286	182.0589045	195.7262138	262.4019734	389.3994089	360.1062901
Dnase1l1	1.503427439	0.896563874	2.643323477	2.649424214	2.436092591	1.33241885	3.424923954
Aldh3a1	0	0	0	0	1.044039682	0.666209425	0.978549701
Ccl9	2.004569918	2.689691622	1.982492608	3.642958294	2.088079364	10.6593508	4.892748506
Scrn1	32.32368993	64.104317	111.3500015	124.19176	113.4523121	96.2672619	119.3830636
BC005537	71.41280334	115.4325988	149.6781919	137.7700591	89.09138619	66.28783778	117.4259642
Isyna1	100.9802096	64.104317	76.98679627	74.18387799	78.30297614	45.3022409	28.37794134
Hars2	17.03884431	24.65550654	28.41572738	19.8706816	17.05264814	14.98971206	22.01736828
Cacng2	0	0.224140969	0.991246304	1.98706816	3.132119046	6.662094249	8.317672461
Tmem160	59.63595507	69.70784121	72.36098018	99.35340802	149.993701	199.1966181	116.9366893
Rab5c	50.61539044	55.5869602	72.69139562	86.768643	93.26754491	77.28029329	74.85905215
Styxl1	0.751713719	0.224140969	0.660830869	0.331178027	0.696026455	0.666209425	0
Mdh2	259.0906619	295.8660785	373.6998566	379.1988406	437.1046135	543.293786	410.9908745
H13	64.14623738	99.96687196	114.3237404	117.5681995	130.5049602	72.28372261	43.05618686
Rnf145	88.45164764	101.3117178	113.3324941	106.9705026	113.8003253	67.95336134	85.13382401
Scn1b	0.50114248	2.913832591	11.23412478	16.89007936	42.1096005	642.8920951	614.0399375
Atp6v1e1	124.5339062	221.002995	233.6037123	270.2412698	296.5072696	717.5075507	524.5026399
Chtf18	18.79284298	12.32775327	3.304154346	3.311780267	3.480132273	1.33241885	0.978549701
Lhx9	12.27799075	67.01814959	104.0808619	44.04667756	39.67350791	4.663465975	5.871298208
Etnppl	0	0	0	0	0	7.661408387	22.99591798
Rps6kl1	0.751713719	4.706960339	21.80741869	20.20185963	30.625164	30.97873826	24.95301738
Ppp1r12c	31.82254745	40.12123337	46.25816085	53.98201836	47.32979891	80.2782357	95.89787072
Ahr	1.002284959	2.465550654	5.947477823	3.311780267	2.784105818	8.327617812	7.33912276
Map1s	23.05255406	27.34519816	37.00652868	29.80602241	30.97317723	26.98148171	54.30950842
Dpep1	4.510282316	0.224140969	0.660830869	0.99353408	0.348013227	0.333104712	0
Tmem129	16.28713059	21.74167395	13.54703282	16.55890134	18.09668782	30.64563355	26.91011679
Nop9	36.83397225	35.19013206	25.44198847	25.50070806	25.75297882	10.32624609	8.806947311
Hsd17b1	0	0.224140969	0	0	0	0	0
Atp6v0a1	19.5445567	37.65568271	120.6016336	95.71044973	122.1526428	165.8861468	322.9214014
Psmc3ip	58.88424135	45.72475758	14.53827912	16.55890134	12.87648941	7.661408387	5.382023357
Grb7	2.756283638	0	1.652077173	1.324712107	2.436092591	2.331732987	3.424923954
Noxo1	1.252856199	2.241409685	3.304154346	2.318246187	3.480132273	1.665523562	1.467824552
Aoc3	0.25057124	0	0	0.331178027	0.348013227	0.333104712	0.489274851
Zfp687	15.53541687	16.81057264	10.24287847	11.92240896	12.87648941	8.993827237	12.72114612
Gdpd2	5.763138515	8.517356804	25.11157303	14.57183318	14.61655555	4.996570687	1.467824552
D8Ertd738e	244.8081013	180.4334797	148.3565301	165.5890134	169.4824417	216.5180631	138.4647827
Sec14l4	0	0	0.991246304	0.662356053	0	1.665523562	0
Calm3	366.3351526	674.8884562	959.5264222	1029.632485	1551.442967	1856.059458	1581.336317
Cops3	210.9809839	213.830484	127.8707732	131.4776766	139.2052909	113.9218117	84.15527431
Fkbp8	212.9855538	285.5555939	269.6189947	342.1069016	407.5234892	602.5864249	379.1880092
Ddx39b	450.0259467	446.9370913	381.629827	357.3410908	280.4986612	142.5688169	184.9458935
Gipc1	102.4836371	95.70819356	72.69139562	83.45686274	86.30728037	123.2487436	57.24515752
Tlcd1	3.507997357	2.241409685	1.652077173	4.967670401	8.004304228	19.98628275	11.74259642
Plscr3	34.57883109	36.3108369	37.00652868	41.06607532	34.10529627	10.32624609	16.14607007
Ptger1	0	0	0.330415435	0.331178027	0.348013227	0	0
Arhgef25	40.84311208	43.25920693	47.57982259	59.61204481	42.45761373	70.95130376	182.0102444
Xab2	38.08682845	46.17303952	34.69362064	43.05314348	29.58112432	24.98285343	39.6312629
Cdc37	276.6306487	209.5718056	160.2514858	188.1091192	181.3148914	182.5413824	163.4178001
Rab4a	21.54912662	27.7934801	37.99777498	47.35845782	43.50165341	65.62162836	47.45966051
